sample_id,D1,D2,D3,D4,D5,D6,D7,D8,D9,D10,D11,D12,D13,D14,D15,D16,D17,D18,D19,D20,D21,D22,D23,D24,D25,D26,D27,D28,D29,D30,D31,D32,D33,D34,D35,D36,D37,D38,D39,D40,D41,D42,D43,D44,D45,D46,D47,D48,D49,D50,D51,D52,D53,D54,D55,D56,D57,D58,D59,D60,D61,D62,D63,D64,D65,D66,D67,D68,D69,D70,D71,D72,D73,D74,D75,D76,D77,D78,D79,D80,D81,D82,D83,D84,D85,D86,D87,D88,D89,D90,D91,D92,D93,D94,D95,D96,D97,D98,D99,D100,D101,D102,D103,D104,D105,D106,D107,D108,D109,D110,D111,D112,D113,D114,D115,D116,D117,D118,D119,D120,D121,D122,D123,D124,D125,label
synthetic_0000,4.188767501612724,4.135912863204708,4.157882857953483,4.141221661905735,4.155985997691598,4.123124325500303,4.138321496307091,4.147898901379681,4.175272533712158,4.181433425176438,4.119713812223156,4.132934607222359,4.168971181119622,4.102984902330499,4.141211209681413,4.150350651843505,4.1841964121379105,4.169987928899597,4.144544375410504,4.143466881520967,4.1463593161326395,4.190598846556362,4.141650029517393,4.144511683666971,4.16053723705496,4.148115125182083,4.145295423188049,4.120978838840021,4.1463935081615935,4.132293693103937,4.16749132806369,4.146988659417525,4.118469343238478,4.11849693407211,4.067962422994869,4.066601020415873,3.9904050553404353,3.9400243665984314,3.813391321860421,3.764054552214508,3.631692610404396,3.553380854179088,3.5386017362289546,3.4804442527727524,3.478440170502352,3.5143838951160387,3.4310909964043033,3.4369066647414606,3.4630746679638507,3.4788794738447146,3.4727834190433353,3.4839190555318305,3.5192079006662627,3.5275796889565454,3.501805432240678,3.538716544654723,3.554517297891312,3.540043955074493,3.5854690682822943,3.5698660993101394,3.6277217869531735,3.6201014442824517,3.629133994424569,3.623500797425149,3.6464454244167444,3.6103634960352227,3.6426846935399393,3.690474116333616,3.6383971578381007,3.7227642726326224,3.6677184470427058,3.7398497319228143,3.709147353346529,3.758910588324587,3.751662493319954,3.7187268781906537,3.796945828654052,3.8101435646502755,3.7806579694268962,3.7834797503194015,3.7941817514515956,3.781480351846628,3.840838210617107,3.8071528746559973,3.8266378180506746,3.815121796109671,3.826186602657609,3.8166304221967664,3.886589530839437,3.8577571412285234,3.892064280116486,3.8744196642283106,3.8627631298892933,3.8778620089558435,3.877801371956278,3.8976589893109046,3.8936087707586964,3.900903046831686,3.879230182987145,3.8987022127722297,3.965291444225714,3.9121160826900727,3.9073941158040952,3.9469241312974983,3.9783145304705054,3.9113233360761823,3.9469037586901883,3.9406621256908863,3.916690444852132,3.983249488144993,3.9683605025267497,3.974714769684924,3.9580168122294803,3.9920056989663077,3.9708826049457384,3.9844406381733988,3.963875863441,3.964671675615952,4.0318787731884305,3.989155100216631,4.0123945791551625,4.007456841028679,4.0004027166017835,4.001794280970731,4.0332410105205145,1
synthetic_0001,4.141545815921317,4.134098017035542,4.110443677295839,4.089983669658916,4.1482710209231834,4.148693773308039,4.121014610529426,4.138078992632758,4.1440673181503405,4.145309841716429,4.147563254995073,4.1131358138380305,4.162396852424409,4.093351944266373,4.146050955195154,4.136842445133874,4.1463134063535945,4.17141536982982,4.161500692780107,4.095681978922642,4.081973924685555,4.1444265997188845,4.098341416986944,4.122962719421715,4.1435814520221035,4.080438345947929,4.067160027276462,4.1238977248267625,4.1147046910828,4.101625553423379,4.099915168200522,4.064225178031386,4.02840906596799,4.033981103224896,3.974661182776654,3.9056396071426978,3.89385459368146,3.803452901145855,3.7391720733841534,3.642523907833277,3.59746625038752,3.547865708032817,3.52262428226317,3.533231033423662,3.5015601208415963,3.529620349076802,3.533527118510922,3.583129521598996,3.5071681799593764,3.574910984400846,3.561913532195655,3.575601055146749,3.5516429597216557,3.588312736415185,3.630222570946114,3.621244340264808,3.636799159784484,3.638753164048626,3.685903823615822,3.667286037085274,3.623358974708254,3.671378275664691,3.649537637739613,3.627319301687499,3.7049744246154277,3.7609671170006256,3.737990303211798,3.716470901002503,3.7310320282986003,3.7913772375361754,3.7754169532565456,3.780847172774965,3.786292514213924,3.79638624635378,3.823178134045466,3.824297666069784,3.823144402351607,3.798780168406372,3.8445653704585996,3.8214567310327645,3.8725275030085875,3.819870368462524,3.854521761837652,3.863947808386171,3.837042320822979,3.919094963948438,3.9183068025529573,3.8758249004673675,3.9121953657983672,3.907730070687411,3.838160944267935,3.9148754442429676,3.9120790609090204,3.920574611984253,3.8963408432424886,3.921187215748529,3.928014790273003,3.9666186691276257,3.949619168785688,3.9453613002812706,3.9878679407652275,3.9398101103851895,3.947909491276891,3.9160888044033166,4.0045083650339794,3.9930747445414676,3.995488051164689,3.9928063983964472,3.982273340099935,3.9882630219388107,3.9798541319190077,3.984266907110892,3.993843008077578,4.0333372500050215,4.01241907433856,3.999981645335633,3.989807125090508,3.9911998102921302,4.049860838052195,4.025115920443853,4.0167315677330055,4.0089222869323615,3.992325879660698,4.020798768063804,4.046673885900439,0
synthetic_0002,4.062040357085804,4.095980637993683,4.080505659006765,4.1239800958025326,4.0826003841811,4.116291336132068,4.1399758201038,4.094024539099007,4.086824362543496,4.106648529947493,4.101810383066856,4.077018205959139,4.113377747591953,4.152236713026976,4.095386820681349,4.096753519252307,4.075680196492898,4.109746841818259,4.070542919897,4.0739632729339945,4.133503495262635,4.0786829018048145,4.128055895503149,4.138672209148396,4.106339040626016,4.112600728824558,4.14589509101464,4.089595271318324,4.075746255032296,4.050735635920984,4.076528880333452,4.098886496682511,4.06592736021267,3.9897191810488164,3.952143508570965,3.908395044295172,3.8631015424172976,3.7757441127296136,3.7159925806723417,3.660974433913921,3.597826163768478,3.5681033066707593,3.5505032452862597,3.5303071349423814,3.5405519712041937,3.576464267871734,3.550464990577405,3.5458252789930373,3.5127966628318843,3.576212298309205,3.529977868402404,3.5558045641445486,3.6248326235972823,3.633479128804035,3.624269723195883,3.5972506558300714,3.6424576756500384,3.646254286674051,3.6903577384478403,3.7418237664413954,3.701478026920621,3.6869795880793577,3.6873437385966708,3.72509292679187,3.731711315389881,3.7167328872934395,3.7575791868222312,3.734812497518596,3.800074462994121,3.807301652737505,3.8161005777499573,3.785165270145008,3.8177080108290804,3.8091707280458613,3.810183784517857,3.8186662366416906,3.8017068544320534,3.804976839162845,3.8676284835388643,3.849514929045652,3.8660640694420274,3.8918905779925175,3.8295548043257166,3.859160176282374,3.8888761035563526,3.899877277162504,3.886086870175361,3.9265423663366117,3.9112358299318015,3.880671885408227,3.8926386432558386,3.9408199467531206,3.9369317553058427,3.8823927518985664,3.967978988160086,3.9535403273302516,3.9763661833507338,3.9372753678680734,3.9434556048641607,3.9265649871727772,4.021928215770683,3.9578001489710677,4.005461820213686,3.9530860505111605,3.976769514081565,3.934207350447135,3.969651963671861,4.006966984236006,3.954148106354779,4.015237178653499,3.9997754454275545,3.9680839303029094,3.9844080894796776,3.988165683340973,4.001029455606737,3.991421540323133,3.986634960175094,4.002130487893094,3.9864386077034033,3.982177606728599,4.015457088113501,4.040921414230668,3.9827471346576453,4.023146253005969,4.008833425429489,0
synthetic_0003,3.9362176344117645,3.965376156264854,3.950031512583857,3.936863013671522,3.970405390404559,3.9518388811853367,3.970793603716614,3.954530887303785,3.9285675149515407,3.953160798459812,3.9570108036017824,3.9796725634421715,3.9330528205474327,3.9547240691787,3.9126569024234197,3.9719858762744535,3.928653256731648,3.910518648672098,3.9541776086359195,3.983269869798653,3.9174698003227,3.92830785170651,3.936815325863453,3.9269875593608163,3.96444481996788,3.934364691152862,3.935878280161203,3.9675237079446264,3.932552433599688,3.9599543539952844,3.9213191172169375,3.9099163498711316,3.8861810142203312,3.9663803700112705,3.8938192249557675,3.881932990308887,3.8387912928818633,3.7952140412575206,3.7317632905779625,3.707553633752248,3.563070443788268,3.4922804174823527,3.455872828843693,3.409140665141931,3.4346322707513783,3.4207284712108157,3.3690578887476272,3.357547496592203,3.3870802136359788,3.4373248818796305,3.340553655073738,3.433874977792097,3.404161161969813,3.467764388081007,3.425649546374251,3.4563099639455466,3.4365539663640594,3.4604080007194913,3.5299430390839195,3.5260781579896623,3.505586412638042,3.503730518500173,3.4877868022339067,3.5347286493076617,3.5530284732378092,3.5607264699874803,3.56930903657476,3.5522376021927697,3.5870619535253745,3.5959989015843536,3.637291747037083,3.6595770440360935,3.6171880275363084,3.6089861065195556,3.6338810144038645,3.6275114379285474,3.631175819069777,3.6551470224967084,3.6372527411302937,3.685059029171989,3.6737318055555854,3.6888588784675758,3.684173032279048,3.676565090997603,3.6769125385395642,3.700412889365276,3.6982301917972538,3.7232751888691045,3.7226721935021603,3.693960290265834,3.7348133116006568,3.7045660802576172,3.727615537772402,3.740448628704857,3.7005982001790922,3.7593352685409505,3.765287063430349,3.7619264263789276,3.7595355603232203,3.7649739754715044,3.7539774239970685,3.7756336206547094,3.7724564886483174,3.7923720199702293,3.7636989995965657,3.803331004972069,3.804578803960312,3.80093639213885,3.796894327300445,3.8250055400298715,3.7728299216153434,3.829131224268288,3.826799399479815,3.830841691278627,3.8363057366539595,3.813280798670719,3.8259692414225364,3.851152346529536,3.8486997574085566,3.8457486253829427,3.80531033969104,3.859144909904424,3.8774070466475776,3.8758290301791183,3.8587968451422574,0
synthetic_0004,3.820010509008219,3.773276015646149,3.778169274545435,3.794706284036844,3.8423949852775907,3.8013089939481888,3.817354796972122,3.8542790202080086,3.850430277625999,3.8079952539996356,3.8045403777764637,3.7790555777595976,3.7932142548960472,3.8212071371127556,3.8204625421725367,3.813319196751503,3.8354239651473607,3.791230332081833,3.809115391160035,3.828764046798108,3.8250335948942547,3.8371217009302208,3.8201471069174304,3.8022912731212926,3.818779715235445,3.7841948520802497,3.767555718640137,3.8219530466073843,3.8043550866799296,3.810827196008068,3.7566646082019357,3.7838585600983254,3.768708940911445,3.748161684182217,3.692760449478264,3.710873302625929,3.699688397239811,3.630284218315759,3.5339729454994013,3.463852608127054,3.394167449794053,3.2407918472625985,3.249289117562104,3.221687815132451,3.1954598619239825,3.2045735401150743,3.184852597224918,3.166684782969455,3.1743517758059783,3.198057448217946,3.1787660464872323,3.2064476678787672,3.2460124508144745,3.2884780447173885,3.251755225131004,3.270558416653659,3.292490616697846,3.33653225099073,3.317243631818642,3.3693907691406206,3.32274345322534,3.3561088774409664,3.369256025323911,3.40693015094696,3.426071598598709,3.3745010311653547,3.4012904914740654,3.44416527800697,3.4305064400374623,3.4198071405754704,3.494397927455884,3.4910369117119253,3.500961837385986,3.4863931346259895,3.5333606333159273,3.510715713206275,3.5529311643757286,3.511270388359652,3.5209944287611825,3.5555019200604656,3.540623724106119,3.582631369910979,3.5795837290213166,3.5571238635462104,3.588923145708586,3.585016067813687,3.623189675920225,3.590781229180019,3.601728110786135,3.6489175887825156,3.6803530606240398,3.679942657783447,3.6369600515481895,3.646100708321146,3.684058360307708,3.6475509792200684,3.6310450516470456,3.663024011324158,3.6758990954580595,3.64825637700269,3.632072216000088,3.6414254966717277,3.6979718791876315,3.666249514758968,3.685431983728038,3.697923791638404,3.711623313259309,3.691201263387207,3.7153680172762944,3.683875237112823,3.7002138283150887,3.6866824358460875,3.7435321749163584,3.7174178312838033,3.7023835352254038,3.7147451960483817,3.7206189940537944,3.746204776187203,3.691254653986023,3.707595662424037,3.7263820534116525,3.8013821201728084,3.764139072901261,3.7395683324675626,3.7621989862691736,1
synthetic_0005,4.726713371478695,4.731142281111897,4.701653343133023,4.762463905561115,4.75709848011315,4.72850722379696,4.731465495454305,4.663676295856566,4.73029989547239,4.709503405647656,4.7252021715401,4.731413556032367,4.70581597962873,4.67208036410367,4.723530214613711,4.69578476743452,4.706042895481382,4.699151623414639,4.705673462270112,4.6563951824917496,4.744433948311687,4.720154115220047,4.7413124609672295,4.762571448223533,4.712943066504438,4.666243152257047,4.687304040517202,4.6769406304340615,4.6906816896189145,4.699302655625833,4.638310512593165,4.6835514312746565,4.617563416092864,4.634536363833257,4.585260440729547,4.528510094282116,4.470473486656792,4.3852922470869276,4.313984419478499,4.229550610027141,4.221991218809873,4.231921486369754,4.210589520465664,4.180089782044812,4.159022537757489,4.124892780739951,4.182510638076806,4.152463880174898,4.161345597641683,4.166066510330753,4.186538388447511,4.184555602645265,4.204641981262309,4.19089695359676,4.219838537395981,4.297203782919214,4.249270067459071,4.255655499524282,4.285325640325469,4.299891291607021,4.264292651015919,4.296684357262273,4.334327047932067,4.327406682883063,4.332787854235956,4.377459573747224,4.330331157260654,4.357811090337915,4.35101297460074,4.409353551223499,4.331194462709344,4.370950525892356,4.38201037383713,4.419189233808396,4.424949285795558,4.451698029157767,4.384331064174486,4.449149146521298,4.429605984079911,4.42669694899578,4.463078767158211,4.432693817592084,4.40974133403065,4.458237919253046,4.43574385607983,4.462528610415447,4.493475416615698,4.497296206204617,4.534355879472955,4.494759546374114,4.466368248499983,4.490635538111828,4.491278207652072,4.488433044180618,4.534272233316121,4.511662602005239,4.482662823394794,4.553724667865724,4.537623398360278,4.55334270750708,4.5509849610699895,4.567963006976763,4.556863478809548,4.590473137025014,4.573763393724558,4.576428892843049,4.580281782874795,4.536948459746192,4.5725010020866215,4.573311447064285,4.588087192390801,4.551963727811913,4.629746553254115,4.59439766045395,4.564332499982289,4.554655533844797,4.593044074442428,4.6004706696481295,4.5873307363532625,4.610106955962166,4.5942327465972435,4.626454925244891,4.5968958573472865,4.616338714562185,4.6440111488042985,0
synthetic_0006,4.862525315914912,4.814214563762819,4.830808025325559,4.842176772737016,4.81844961481546,4.818983102363003,4.831025115781532,4.790403847205377,4.806776608381208,4.832585719971234,4.8466142617523325,4.838259744476639,4.798547187247136,4.831290410822117,4.862828499177021,4.856737151328689,4.840830047196456,4.820549987842764,4.858415024862579,4.8280075720793665,4.813012125754195,4.821822206578777,4.877520180443158,4.8459446350416515,4.8680795443975855,4.825052495588372,4.857327683612453,4.814008244452728,4.817783062351893,4.872860887440598,4.81354636787799,4.758113267697072,4.735074331539348,4.700124848057571,4.664414603913904,4.553088462941465,4.446751041508138,4.428067647650903,4.386332881243239,4.35013500871775,4.353820341081952,4.313532158445686,4.319794062014065,4.272628352046867,4.3273211350099325,4.3666782146347405,4.344261292530006,4.34314949443025,4.353191190394577,4.40684783108816,4.351879062522357,4.385081223294615,4.411980280945974,4.431449454226383,4.414014323427814,4.444433563922653,4.441301493754033,4.46245373317452,4.4670269665972535,4.452375563419639,4.490678086123102,4.52313604211131,4.486750883637147,4.514343096157448,4.546166192888782,4.511715889309559,4.551691012670453,4.529038119501817,4.5920841239871395,4.629483327016585,4.629937618310329,4.5814005806736455,4.612670586631355,4.604268772010895,4.61067329771737,4.653495725828741,4.588313351342165,4.65398154722842,4.6325016785009705,4.674892149879422,4.650142644825429,4.634263626622794,4.663467673802533,4.6802417508805165,4.667889165510817,4.6842019158318875,4.663822521798541,4.628242356163934,4.708680643875962,4.70811902221981,4.698677553874578,4.700893125877783,4.7291802341919675,4.695818769149536,4.693443613802062,4.710143895065496,4.748229021945806,4.687364031015619,4.75527712627252,4.712841705909042,4.704551003510181,4.766725319291716,4.735865950771204,4.7087595750742235,4.735189621289532,4.7702444653049065,4.779500251349889,4.741673482129584,4.765086042099819,4.775283881933805,4.743748602480016,4.771103448363527,4.763726632818347,4.7533536707040795,4.756617808020429,4.772702925234954,4.773819043278862,4.760922891177807,4.766342393540597,4.806700389995254,4.786035195171229,4.804587572615568,4.814226080525956,4.800572940834777,4.844247843059497,0
synthetic_0007,4.036184967376832,3.9448186696964194,3.9694522698669727,4.010281712683838,4.013420514530128,4.012087853757912,3.9919019824212225,4.005051431223865,4.0099986298316805,3.9917258230576964,4.019354398465947,3.937183251005397,4.009513717612042,3.967814779969876,4.017628739736299,3.9879380409614593,3.971425209126952,4.0029765963910755,3.9708212262851164,3.9707475585719436,3.9543260049804485,3.992750491921822,4.005699520439154,4.018639578400939,3.989188848497303,4.018416305213992,3.991879144890342,3.9878808809200903,4.002679261313328,4.011923526590641,3.9725235969836072,3.9682536082636606,3.9601714330311277,3.9510608210363487,3.9040934071874105,3.9201017273491394,3.8396165198247965,3.801778793733821,3.6954676505501833,3.639413507499647,3.5558865228041037,3.4643921565610514,3.4642175824112753,3.375729779352471,3.378208872740634,3.3379523037321834,3.287777365609969,3.2926138827936717,3.3161168907268714,3.313282587954505,3.3217920708349036,3.3236180466956777,3.296623539864636,3.3477286790974277,3.3096600113242967,3.3862163620676045,3.3705336637229792,3.38245503604302,3.4063634903610662,3.429993879572673,3.398518619171068,3.401548173962629,3.4293550051692177,3.4155049658930663,3.4527172550070984,3.526801642493171,3.4705593003017423,3.5230097682462125,3.4819940131108473,3.533136063296375,3.526854261238102,3.5423616590973115,3.566909055793859,3.6052549282193884,3.574705927393758,3.5812699313427165,3.5619860541954758,3.608902826229393,3.596009551057946,3.6306495761713307,3.616293816632628,3.668296947773909,3.582446624358861,3.6317062875568653,3.668120592765741,3.6441418108088564,3.639796321104301,3.6595137647451623,3.6380938734065547,3.6818709582954785,3.7460898715110864,3.719763945278127,3.6693537667702683,3.68106964496524,3.698494786171139,3.7393210715679817,3.6991612594505527,3.70782265332722,3.752471532679484,3.757139897614287,3.731247465636816,3.7176184517405635,3.7116910323534427,3.7377363428173607,3.7041305224158774,3.7832299387461097,3.7532342243204306,3.785429507121538,3.824430820418296,3.811288183984435,3.757342241743185,3.811927522237253,3.8231383747243846,3.779450225723441,3.7781169841560054,3.8029719677580585,3.7693696096371725,3.8497920172604614,3.7564369440611287,3.79237858934744,3.81671908987999,3.8211235353503152,3.8342306747251302,3.8400762953651064,3.8310992080925623,1
synthetic_0008,4.487534042200132,4.489739998922355,4.461424966964891,4.468196478802408,4.504034122404544,4.492944703509921,4.467210297932893,4.535211021136337,4.541938922610057,4.44764133050437,4.49173758925783,4.546901856585456,4.503750181686868,4.489641719049789,4.478855876733422,4.4704379939955645,4.478516858340371,4.469848224792651,4.501909958398752,4.4728253900570385,4.470966911233913,4.450734190855985,4.47768992766238,4.453721506815149,4.4671825554039035,4.491078218680154,4.464082055421642,4.452415714523519,4.426362003959529,4.386715815629687,4.337064773555617,4.272527389739768,4.223780894520572,4.0897739971816875,4.062440736547748,3.9594575008107844,3.87909005097163,3.8388420530565255,3.802430999700507,3.8050740839236337,3.775532944792119,3.8223159583643325,3.7799791596613996,3.752102105224738,3.8023533427375895,3.7835353347454053,3.846665507790949,3.888443784307176,3.892586301227943,3.8573351893509553,3.8859486860591663,3.9634815688971177,3.940729145064424,3.9463365071211327,3.985806480100954,4.033593770389387,4.0172581443491575,4.000598177978889,4.0179533677666255,4.03619597769496,4.016849515009568,4.016818244342774,4.055444231420606,4.041033333200574,4.073497797563081,4.087504544116953,4.153447012589506,4.083222963903924,4.110797044784923,4.118846937955549,4.1427758392906755,4.166681077352498,4.136707474469224,4.136684297081749,4.124245926941005,4.14995622418123,4.194176920500873,4.18937330718809,4.170128814392989,4.193298831446642,4.210333425405222,4.228896687522037,4.208061691272244,4.223065198865346,4.190136786918647,4.212930162088258,4.288124343897731,4.198797777390188,4.250732880573341,4.270194881807845,4.260756944535154,4.2551796069445995,4.2789948402345255,4.285409505126252,4.288369230252568,4.248247610109536,4.296156252062814,4.283000023488223,4.295109325699524,4.318793103526227,4.33334677376618,4.3438542303451495,4.313029682424038,4.352446745749227,4.362500412342225,4.365289964983067,4.375243560077646,4.340393445584946,4.343131353502826,4.371475201169158,4.319967329237063,4.36256693045023,4.347189244827313,4.35427869454473,4.322930836563977,4.347102286260692,4.371679459095486,4.39715952123477,4.402387422983478,4.378251013155613,4.378084860845145,4.364545050311458,4.397804516531456,4.3839298524693255,4.407581711775466,1
synthetic_0009,4.601467973762805,4.607993895102997,4.6705533707365054,4.643588038404262,4.599917105514874,4.654262142616259,4.669430512854355,4.6289239720598205,4.621020593896303,4.6294851943577395,4.645033675896938,4.65391603069903,4.667469516134704,4.668221908060756,4.6675386509667085,4.671941708063926,4.6544131028882525,4.5995821671755825,4.6345443142711416,4.645610198114878,4.628097187717445,4.660322778190973,4.6283289100084355,4.613871130174464,4.672629512829845,4.652412592954295,4.6400743831974935,4.655963367061164,4.656603858153518,4.634360513091065,4.558012656309118,4.592976636305695,4.5842479065983355,4.550452163410755,4.551026029139592,4.536749931043066,4.444977014483858,4.369612930059781,4.385389575318832,4.2764604950162965,4.215436732898182,4.219845721875298,4.20247835797085,4.161630092236706,4.194139849772898,4.163048248561117,4.157011818420083,4.192060183040155,4.216052824196124,4.191125297143174,4.22596732667144,4.226334273547372,4.310295612237416,4.232901680106131,4.295989671635409,4.270636954616167,4.279098925712188,4.310378587944947,4.324495098519791,4.343366553707174,4.329192157694339,4.314993046673204,4.325336088612996,4.360045611044879,4.370112558322387,4.398592046115492,4.381923433358129,4.405566203138479,4.424364183125923,4.397737469272916,4.363446597065015,4.3778730836253335,4.37798635976436,4.460110069363414,4.405341766548966,4.4633526735559075,4.453057610003449,4.486986644532209,4.474710555420947,4.452444564470631,4.455220484917837,4.467419047177309,4.474595413137948,4.4617288833091955,4.478828909886951,4.52439220931741,4.445991569383649,4.499267951907548,4.474271119597785,4.505641994627411,4.525868893782074,4.5072272522729255,4.531678940893132,4.4761898852463515,4.547090041228808,4.507717280145811,4.541639496232503,4.533830615702104,4.467729484801623,4.5164776648012674,4.543816829565316,4.579994948376613,4.55108763250087,4.55302996613855,4.513875621261099,4.587502237573003,4.599359153501879,4.557285134015053,4.553397232216145,4.520669130442697,4.585418316993106,4.63301972709378,4.585457342179081,4.601129923402219,4.585040068196653,4.54875740288587,4.608640480742739,4.546147649784543,4.573482747013067,4.587408455715607,4.604149554570947,4.594069337328958,4.5948880065249424,4.567683252212373,4.555946599075424,0
synthetic_0010,4.203116863657425,4.169055554144585,4.18168323105837,4.174491406436432,4.219926132499168,4.2255689678043264,4.265547447722057,4.177930001461235,4.198377276449496,4.238180869450444,4.2099437439447955,4.2071842857893,4.258082522671084,4.206883929315871,4.186425006417687,4.182384438561326,4.223666408137923,4.2228527527499455,4.180848326175527,4.190381165783377,4.228191181129929,4.228957571422663,4.197986350986409,4.228914446124394,4.226564687818955,4.166012855124846,4.200210754327385,4.214444496448522,4.183727311440121,4.135487089536474,4.168280122511807,4.174134718429563,4.166072579761506,4.031849898850338,4.099061542467183,3.9397387366689562,3.9160105985109244,3.851076209104037,3.7868662058696367,3.7168719211553016,3.647124429701453,3.6674798404353623,3.620659145550193,3.5708917212306166,3.7064320288222707,3.659522327243065,3.696249700156873,3.638788531919049,3.710119838066788,3.7256137159505855,3.7374242258021915,3.71077316893367,3.6938999332851576,3.732017772052518,3.6936495076429305,3.7181847830045394,3.7747809610506557,3.759167589196898,3.7910313502786166,3.8033282425274644,3.864955955973215,3.859491294221723,3.8360252879805956,3.8772054811334793,3.837071516451759,3.857474880143702,3.8977436366683262,3.85280110272234,3.8854925663981517,3.867846187917729,3.911985955863232,3.9578310600315336,3.9059774868277,3.9379867395839616,3.9172698910418875,3.9181358546625438,3.92296341238782,3.9970318081712506,4.026350258027715,3.9858194418515764,3.9621220998409306,4.003774254326461,3.9837571334426496,4.017958300772583,4.0108552017545405,4.016082812448978,4.029638615895218,4.005196266179638,4.014665323280989,3.9867018475413825,4.023515721958693,4.00370796966725,4.04023071273621,4.024369235253697,4.055187047045763,4.068220278142658,4.025509213097214,4.044696019882035,4.0453564480198345,4.091411075877501,4.119118179163718,4.1013614039536685,4.074857358570799,4.123646263711558,4.052507494058667,4.13109635386526,4.080374654027696,4.030357878104169,4.169140262812178,4.145247481704603,4.082850430621208,4.1156491982546415,4.108765722675004,4.119317603776195,4.0822452755216165,4.104788700356182,4.135958692416572,4.132197363079996,4.158919555223613,4.133180921961112,4.192107782649443,4.117617050338993,4.144071253895712,4.091703551300157,4.110254081005409,1
synthetic_0011,4.506017644532276,4.523425070306875,4.519275358866677,4.5199468948072745,4.55097100241019,4.5484390335190525,4.517694194180295,4.5094513658871795,4.539185978239013,4.529625010849842,4.557829138736792,4.598499289926342,4.553182143096283,4.5312285447505065,4.527776811101767,4.510631379318856,4.509336847687507,4.50684868079658,4.521943208876661,4.520982041410995,4.549997682759169,4.521034008296265,4.525462712036136,4.499001659098495,4.569124593446642,4.538458040438286,4.56708988918668,4.537071974277274,4.5464640636619364,4.4910758091311855,4.497482730260241,4.521352221244148,4.386534488968783,4.396746029045976,4.345625426090871,4.236541970426553,4.159711471328009,4.104844351133034,3.9970094745465388,3.9767967859220454,3.910568545805492,3.8950070488075177,3.886882430385115,3.8976088937324347,3.909417681619247,3.9255717493621907,3.8885677173572875,3.9879015156326294,3.9800979673772363,3.982823139136993,3.968954756618736,3.9896938559433663,4.019721212941473,4.029727357644819,3.9894034956334403,4.064364467725248,4.1327412610518,4.023049753818975,4.107914368611271,4.103621182715351,4.102734481767884,4.151911948445076,4.097249947985043,4.1423386716380435,4.186006460391221,4.153433054378526,4.157520234876167,4.180712565006617,4.1756071559889625,4.2357761642849985,4.181535937047719,4.235811008275569,4.1895526178609455,4.247023232631241,4.235041053229658,4.179052554480341,4.252772430949663,4.232804920532081,4.2559126982367985,4.313792956858237,4.252280620553228,4.260311162342279,4.33097516501774,4.30315906819906,4.345860719129884,4.320462435233907,4.29522108556365,4.3217936511202755,4.360554790178277,4.358450391616421,4.339457895067606,4.345725837699566,4.346485201826771,4.339288270127219,4.408454301378529,4.363522881146172,4.338677633206483,4.3597868927052605,4.394902474139961,4.396796221756572,4.380750990000365,4.370959528111656,4.392519459355606,4.352553281031524,4.365679133969055,4.423151634605763,4.393682980393082,4.418936354721813,4.443824939812262,4.432334875835834,4.419212002855792,4.476347403779359,4.441698401192021,4.418237001706274,4.448904985860422,4.443238687688291,4.413353105561635,4.439757959097389,4.436105667778261,4.392206756319914,4.440650852415283,4.440081250408558,4.4383076638010195,4.40945431311161,4.444717155510705,0
synthetic_0012,4.158557647429944,4.184048376000885,4.2233408357534765,4.172005375513334,4.176674173933318,4.2173829004307075,4.179931016194773,4.182167104223778,4.195481956248625,4.216757656276432,4.133180278908816,4.168514714110316,4.163918169985923,4.161926055351785,4.167834679271789,4.168229551338922,4.197481659116817,4.16692180640349,4.192824048898926,4.199907319704428,4.170823746063078,4.192722617379827,4.231083097778285,4.197040566091916,4.1719156551039465,4.185730580712062,4.16264118979049,4.191013050867138,4.203069744692348,4.155357874389144,4.163810594429321,4.186819116738296,4.129643866872561,4.123749985683833,4.059539346263549,4.019330375399839,3.9682548245018854,3.964391344171663,3.8200899281067713,3.748775990915357,3.688477028395468,3.6497037120141815,3.634575362341279,3.599836536119113,3.634027016200758,3.583477670640208,3.6156468322656283,3.591653427565782,3.607740530749857,3.566015976948117,3.609425537309507,3.6219326149946545,3.6289102799463593,3.5925787349260045,3.679802426624911,3.659388191668076,3.669242051864658,3.6847593326704375,3.6961824074426857,3.7225993929656522,3.6909712040711598,3.7095825034195133,3.750023355102723,3.756085715574875,3.7525110741625847,3.756857109263114,3.7594217279872817,3.787704764820996,3.8273711097172245,3.7799025311653467,3.8527535689457673,3.8439067096319772,3.8194432346312506,3.85813175031579,3.8095259626522577,3.8103376136023455,3.8286742151059987,3.857808740272558,3.866896056159128,3.868980275379694,3.891023842363529,3.8416939868116433,3.9138493911118046,3.8722372989677805,3.8973170492940117,3.9095028395652385,3.8967747864691673,3.8971339923583814,3.911861609746507,3.942198658592433,3.962610470255036,3.9672146089247478,3.9333804385562234,3.9434759111827837,3.9451639419553564,3.984231428938223,3.926753447384099,4.013248256541881,3.974670681259425,3.971606079267205,4.003988430756782,4.025532006246446,4.012404141112576,4.034191769593579,4.015178235523073,4.046420743422776,4.050585555233905,4.020664439655597,4.062746267759581,4.034420768696131,4.035934357372839,4.014109744688222,4.033238232464409,4.063136626378075,4.014049946922354,4.066207042700438,4.06171491591739,4.0629058377353005,4.003707420180837,4.059128608422878,4.080694537347533,4.048132254527525,4.072122929954123,4.013014886330853,4.091796572185466,1
synthetic_0013,4.028468297679014,4.054581865166294,4.011249010647677,4.018930306693358,4.090452980385164,4.013642838096294,4.016740876860619,4.027476875114727,4.008827255549267,4.0641523307999226,4.077515761218129,4.0167870309877935,3.9912377263359353,4.063686184230108,4.062093766339424,4.054921238594922,4.06328598822147,4.012674943753569,4.0301350235266,3.9997205348072677,3.9988318918481682,4.058755871304548,4.017341522586956,4.090991251171997,4.035644374530308,4.017451964677899,4.052904923515336,4.077211408314659,4.043135696292714,3.9987141828915274,4.035599906297516,4.0564173251268585,4.003187009616131,3.9864180745230544,4.016762597562822,3.9740547114610587,3.913933904203898,3.893189759447359,3.834952826961352,3.804215615412173,3.7420277268104702,3.722029445900298,3.6711037364350974,3.5834831056516787,3.6117406907238423,3.6117577828755905,3.5955052119892317,3.609799053986293,3.573844741642014,3.569745093829947,3.6242296809871566,3.582735932861705,3.564308860813274,3.653118612622227,3.6186609130920813,3.6383722331010717,3.6202407561208583,3.631082143486626,3.6441725530090148,3.672759178819546,3.699526394716033,3.6411412768208202,3.7255094659672414,3.6850833907308735,3.695715764736735,3.7468752703533084,3.7354370198476934,3.7060884486506143,3.7976368875710182,3.736859612399546,3.7712453855236348,3.7765852411627954,3.8132386710579134,3.7727770778477727,3.815433852130314,3.7776003155902824,3.8299733975588004,3.788478326449645,3.8039940081015526,3.8658115233732175,3.8315698237826226,3.831495895280137,3.889785808613613,3.8476304205659844,3.8229371940871,3.8663355000402904,3.8229447857762264,3.885102283755657,3.8913445806736204,3.851067716018446,3.853789025391144,3.877894835416018,3.8777349500432465,3.8567432541944724,3.899099834599009,3.837472992338246,3.881232877975289,3.885404679478123,3.8920368385311033,3.9098328080170828,3.8746558178611967,3.9231957866766787,3.9070298343696317,3.898255136764469,3.883244611746457,3.8906718772999596,3.9320233961606754,3.9016177046965677,3.9299521669719835,3.9574662363650197,3.95923993270517,3.97488024653733,3.9308501669632117,3.9134581094238494,3.9683728702799965,3.9528176527559515,3.975340408794096,3.9496296945142197,3.981304928213918,3.9745840223740783,3.9732967028326756,3.969888560058046,3.969110887570073,3.96681697173236,3.9684172336488213,0
synthetic_0014,4.472183094982259,4.445292451163114,4.441381739457249,4.498354285130009,4.4398144100140415,4.415617273319339,4.429695117473487,4.439615667958498,4.501424920227954,4.4527121024251235,4.470908073768843,4.422495659530625,4.4563437908867565,4.464304614597114,4.492541450914791,4.430067945347799,4.462521676521685,4.4549368468831965,4.421733334399803,4.4466414741940925,4.440311987884391,4.3884111728379,4.460966401181822,4.458664076743912,4.432887205599554,4.408398845345711,4.475789281795303,4.4407348023921225,4.452314695095645,4.451247979072146,4.386569381646085,4.395586130959305,4.333952224204323,4.288664648800218,4.220844587670433,4.137035925712413,4.062694903174432,3.9267294726136144,3.8324522601003825,3.751470735229083,3.7049766853605335,3.630280133917426,3.6131434474285697,3.611235461995253,3.595560477081347,3.611200970070344,3.608264469098501,3.686187231615949,3.683846036613917,3.677559371705086,3.6812783909985685,3.753958269696204,3.7238655573503223,3.730108591672027,3.7561388594951444,3.77222623345452,3.815554556857193,3.7952243800216574,3.8632569328236386,3.803468691847125,3.8572865742372895,3.8289794954044716,3.913220894180997,3.8729813462179465,3.892932863822544,3.9303320249217943,3.9511510462726203,3.9042215146298815,3.9353313724482137,3.920801633791299,3.9705255208823518,3.9757117995844884,3.9804171400231705,3.982670475529825,4.000528860456508,4.001669869910284,4.043471343466119,4.0778333722846725,4.001128963300046,4.055740662806688,4.057213778898378,4.08879592848683,4.061306461639019,4.089853699414205,4.075743425373239,4.127178521571255,4.120084426519533,4.121225147812059,4.141998353000331,4.133889534290777,4.108344405623072,4.169055793157116,4.168180026142465,4.163773914616946,4.198747224812541,4.210933836410878,4.159364379047246,4.173200612042988,4.237325123074326,4.239892450701664,4.191605348559797,4.18606042644475,4.20502400969413,4.213770299928806,4.191759468634171,4.237158927480416,4.20927740137087,4.215810461586421,4.273650034651385,4.23823623643654,4.257991726505488,4.279864858213087,4.288725804782468,4.264128612856391,4.277719420085284,4.259949395617777,4.328144984404395,4.30449520687834,4.26436354793182,4.295658224465911,4.316923944963084,4.314516895835509,4.351627336319888,4.343494373008562,4.29891570984704,1
synthetic_0015,4.245291764284041,4.1801439711113435,4.125373130743598,4.160902041384068,4.180512568214131,4.1463028908563935,4.156022208735695,4.168560158203415,4.186244263004955,4.173562207102191,4.155459979634605,4.197375152849583,4.164180338973632,4.165170255890831,4.143133424694796,4.1579306694624245,4.193807935983745,4.1369681530823135,4.175469419905241,4.194943672003532,4.167189700893684,4.182021030221113,4.147194847498897,4.2064672608806095,4.199075987428737,4.1741204257084,4.119281158890411,4.129283684024078,4.168180357301509,4.169166041493009,4.108182661279024,4.095363280294069,3.998489350755683,3.9426117854343126,3.8656637492076573,3.783184141368413,3.648991730077048,3.638804429863746,3.5880128685659844,3.481063411021991,3.445994103305027,3.4718854092475264,3.4402318334802877,3.3981953995749543,3.48365622718857,3.4766752793608298,3.4723532913455943,3.549888332466539,3.5140426899238757,3.505615857769424,3.540983858222331,3.5264231648244353,3.5472196065250365,3.589564507014169,3.579461776410746,3.5951997895719243,3.661089364777037,3.653477328462011,3.664404613819733,3.669631112472894,3.680324363534061,3.7161785433048125,3.6905605161987807,3.7484679483025007,3.6890768863588432,3.71702401596889,3.6992345749301005,3.735171439122726,3.7665650531640087,3.7995004477454843,3.756033440166684,3.781933578487436,3.781796842338537,3.781084746737357,3.778389015724607,3.8180194065829878,3.781390650585788,3.8354595806416816,3.841042063092523,3.831719420079828,3.8303621716403113,3.82832926217352,3.9168567783340538,3.843499084352522,3.9228076253742885,3.9055313136781744,3.887937750706746,3.8744748106253915,3.935683249515604,3.9589403670786725,3.8982888436541874,3.9199765065668317,3.9594097834363504,3.9470591800881687,3.9940832976720437,3.935127461733128,3.9681150598828676,3.9283439174461643,4.016959038377687,3.9511357453762876,3.918918044449704,3.9755889922330914,3.9797585457344193,4.035542536275037,3.98349173221476,3.9958574087347127,4.015125272250928,4.043968549576497,4.006662323837905,4.038072160645155,4.028792365394456,4.012104268045538,4.025035706794419,4.027319067164296,4.0071275026039475,4.063718361452992,4.002008147241549,4.069125995612043,4.066832864919069,4.043700893525029,4.0298765004367345,4.046269777277614,4.066601411999598,4.076145493389882,4.067465804959889,1
synthetic_0016,4.467124653614237,4.451863340672132,4.437644498434067,4.477072287429026,4.465321686208766,4.377623376058372,4.449029849323303,4.411656451514954,4.474697441288312,4.5102561050921555,4.43506325559549,4.449886992604873,4.441740373101281,4.456776807202665,4.464105171267191,4.480148074100027,4.423246828157494,4.487167840705597,4.4245035788897615,4.454586539648445,4.476419764841317,4.464970437620206,4.4231901601109564,4.428356892934363,4.433191407207938,4.441691808373052,4.468911462292402,4.403753146394183,4.441322537481575,4.435209088159357,4.419356585232371,4.39550514016753,4.390580761927007,4.320954663885526,4.271165334443824,4.188864194518798,4.131047120154398,3.9454470364197927,3.9538729635949235,3.8527336622158113,3.803520774422563,3.7529697937166007,3.711240710308078,3.740547218314229,3.733503696229324,3.769536813965248,3.7308001086731757,3.8163170791970034,3.801747664962868,3.8040068811399923,3.8081136622619347,3.82191527150962,3.829005947105131,3.8591115494328454,3.8880619770806266,3.8983514935556443,3.881958784897295,3.924859169703183,3.9230034152177202,3.962803045133483,4.018543963918546,4.000329295525619,3.989313046045855,3.968625073401924,3.9856618301412396,3.990329346583559,4.061806884966547,4.035391913541599,4.066653218860488,4.05982372652465,4.087663712799249,4.130166664565332,4.087480432379879,4.105304955332947,4.102647238223425,4.153406091450841,4.114400028688893,4.119991272785934,4.121674962330421,4.128989135636931,4.183597331009942,4.243472311049726,4.161579704915751,4.217278752691097,4.206605053473621,4.179430428818576,4.206538398041905,4.21393394256701,4.2086210353253755,4.280120774275576,4.190009328729143,4.252839020665758,4.257100203512425,4.239672961179772,4.263108472557129,4.286378681051797,4.27318846952251,4.284602293235931,4.296162120404877,4.232582639634732,4.324766134824902,4.349068127245192,4.320818645613923,4.325716126592616,4.269134599910702,4.3052397914376614,4.2916554560618,4.300931854832607,4.343344613277524,4.302532611553262,4.3227460524481645,4.281562045559121,4.328505693033894,4.337821157307564,4.320971845630004,4.323534150396179,4.391552648676281,4.316932383144736,4.323619699659229,4.332296229572668,4.385057517685509,4.410122240975657,4.3683176520888845,4.3444446208060175,4.353985070033003,1
synthetic_0017,4.467958130003773,4.482356097302442,4.484946370792589,4.505057780419671,4.439915933243781,4.4957318789781056,4.456820345589101,4.447005913413439,4.468765037932914,4.460836977332124,4.441504178171287,4.426251937030442,4.442623086724641,4.502469347733397,4.515201421146966,4.48235420965633,4.495694011080436,4.453039452715922,4.463899296956933,4.472693093570893,4.438276617558621,4.440073897489252,4.46650161219662,4.454907793305044,4.434544847818288,4.468057420001905,4.447609476104916,4.473302232019176,4.437877641630613,4.415792155949108,4.404616198143663,4.3652046971824765,4.307503973251083,4.252344634271909,4.20115436836327,4.101937242183123,4.010330429546945,3.843463045965057,3.7948489703559307,3.7279174587807877,3.6938512640514523,3.646485504464864,3.627373669107566,3.6530112562745924,3.638869524114854,3.611534815489663,3.683822472000116,3.687364499782791,3.661437884820368,3.710688181105589,3.6860446766027724,3.7472348577558328,3.728306942388239,3.7282320358591874,3.7533519674162132,3.757696994242858,3.795572601061525,3.80882304100227,3.8187601204675516,3.8171102772845864,3.7524005788493366,3.8588939030569085,3.8215591313132222,3.887212089538325,3.921274240235765,3.91150761206615,3.9063442279603104,3.9227710459478997,3.9349019986222578,3.9352353610886683,3.9448912277468153,3.9466942534735403,4.009591843701718,3.9893897828374163,4.023375083361217,4.002709646594334,4.020064684192984,4.023111359093288,4.047866973182435,4.065705588618339,4.059598108291624,4.04515167030874,4.050719139559376,4.119750959535824,4.07916066555663,4.086613496877521,4.138088474460333,4.136078049450788,4.1294948252903625,4.113283513191339,4.189073115730132,4.14690041459659,4.157444630581548,4.146050120199079,4.121394492403534,4.129676869592662,4.179386113960589,4.185047731495067,4.175169523309165,4.157674519940033,4.156604397007825,4.190013299228683,4.167256932475823,4.231472723227615,4.243047567176045,4.290081517037066,4.246334085963261,4.214473287485493,4.212321248854896,4.1525400196268185,4.228585337302306,4.243563510893916,4.27662119232471,4.272063902775365,4.2757421013239085,4.270546876095263,4.285816896238897,4.309488962336762,4.25060040525001,4.269633387970827,4.250118006438887,4.328986619027315,4.324555630393434,4.314481298628786,4.269178697328424,1
synthetic_0018,4.256234959402482,4.233365108242358,4.264600315385364,4.249270843507939,4.23590894312327,4.240439320760033,4.232220672326098,4.263581999511323,4.236447576806354,4.250605353103855,4.2334212859378635,4.2061012394571335,4.265877358382159,4.216765348160846,4.2601879011414985,4.2536978157935605,4.2017701766396085,4.21951847497102,4.23022817259362,4.222478068158603,4.213313505349333,4.261165801368435,4.236364180411774,4.251513286953804,4.230366863896182,4.247620381244703,4.219450568900571,4.234867269015383,4.2459449631814845,4.22623286207257,4.2041641794415385,4.174200979023677,4.184644184997728,4.159069072342006,4.102407606462915,4.03472423880223,3.9994330268266056,3.969776686635049,3.8275892974244035,3.784821679007133,3.7363130488083107,3.625760498117853,3.6689542672565407,3.6353560476166766,3.683575081867835,3.644915037828953,3.6385034001103183,3.662020615175089,3.6829806231652227,3.6772091943248446,3.7028449642639796,3.6835030244151548,3.7249522298648525,3.763099045606845,3.8058732164318445,3.7870049847532306,3.7885698330398316,3.823509514176407,3.831243618750662,3.858916939177115,3.8556480312680295,3.8366052056540445,3.856697527333602,3.8651201008600955,3.8783257472792574,3.885644466820995,3.870679463452797,3.8469991914698087,3.8919007145247697,3.8669035166046086,3.9278804608588858,3.9346935628355078,3.90086704226322,3.967920311692069,3.9801364349515413,3.9684049008759246,4.015044066009351,4.027293317683048,3.957311718720578,4.0201547207526245,4.011854329458955,4.01771243789225,4.0368668412277735,4.001612072741783,4.0107063621818595,4.010616336939442,4.018025265755856,4.039900982864745,4.011389328894546,4.026721946919497,4.072346312190828,4.061043421183586,4.077170692225201,4.025018038121785,4.057182694467726,4.0673029488609105,4.086294566222788,4.075003058134167,4.117058792869499,4.096232019807731,4.101969857793478,4.105636403934275,4.126651602028094,4.100718668435855,4.144032019654531,4.130844893645616,4.12647630018828,4.126863797592596,4.141938356712661,4.157343523598813,4.158544689717243,4.147172683711838,4.162487808993501,4.146248450408184,4.177249362084837,4.147849419922415,4.0991452983129895,4.186913572709073,4.1585408056509285,4.128882592941072,4.1554576614402,4.140511413725848,4.2172483671971985,4.179264555839023,4.129628871192418,0
synthetic_0019,4.280365310051082,4.338187728678317,4.327840240610746,4.326126165383893,4.283009651179338,4.347210588197716,4.3783735571208915,4.288813043402631,4.365818846248605,4.32231876274771,4.395259391072559,4.347430711764591,4.331828619060028,4.3641503363523775,4.349652700804326,4.321669270951867,4.354203165638302,4.323629487881408,4.291606140507526,4.386986847593293,4.327270168124473,4.32049523782625,4.343742347439533,4.29559497611012,4.299684773655437,4.319398105025244,4.31638197553089,4.327315077546567,4.347686069758388,4.298810144425952,4.309475186524398,4.292098150542939,4.220617937054771,4.211760168228567,4.125557034153599,4.101958960432986,3.9974355042487364,3.886830405247921,3.7733553244762352,3.7422290089287604,3.6657678314295485,3.6641897685475624,3.620558993978663,3.593107279803155,3.6361968499204584,3.6376604834496296,3.615997474473417,3.67405561169838,3.6535109803304096,3.6702004440771385,3.6984453100294115,3.694072782516975,3.7192817374558436,3.743501088659378,3.8026309304062664,3.8183455625596254,3.790454604945104,3.852837414916373,3.826718315607343,3.852114669090568,3.879070382657762,3.878251772762049,3.9448977190523093,3.903777202839843,3.8805472112291093,3.9555454829465035,3.9246675842801193,3.939071329584168,3.8832550102841537,3.9941085105919862,4.000260429411099,4.0101776552897235,4.024761985339539,4.052382034613651,4.018476268780128,4.052308434092841,4.019244242185687,4.037705787467816,4.0814263911894955,4.0729954495497935,4.037852526936963,4.087959261521472,4.081865706271604,4.073265225399452,4.111669762814637,4.097574163637459,4.075098320346619,4.093060819810358,4.171359150955201,4.095363441274776,4.1447354010212605,4.160172536571511,4.166488809179694,4.125297282516164,4.153162409336294,4.169835233316811,4.191283389218068,4.1599734686004854,4.15168941905344,4.210382984151892,4.217357363129655,4.203261625549909,4.182946573174651,4.212370525497895,4.208851809921713,4.230863075235239,4.182386939421307,4.22010601169358,4.216703088592704,4.196316296408613,4.23272977157201,4.231396032137506,4.223355774764983,4.246516957802383,4.204060282948638,4.2410181565674225,4.255891050774187,4.254872546140542,4.277271440734121,4.222846089273605,4.217616762781599,4.263659186229709,4.271360949518118,4.3152103135440365,4.2797975073441,0
synthetic_0020,4.046740425600353,3.9896585260833577,3.9993866388439927,3.995601600714024,4.026814719491811,3.9886153946908784,4.011955077004419,3.955830366837926,3.9467081863963207,4.017175747281965,4.018382713919537,3.9942784379206553,3.9871605210708143,3.9856610582680667,3.9642991862530965,4.01996388468677,3.9979617947126314,3.9941248022948477,3.990860823901446,4.00762543496783,3.9940062933148854,3.999943414284707,3.951975365821665,3.99377841771231,4.035443602670317,3.9673930769488375,3.9765071100349507,4.00105823628344,4.0012022720952585,3.9905920733571785,3.93103778572937,3.978681915112178,3.9284686540989884,3.92535238336653,3.941865518174462,3.8951608866853773,3.8871980331058595,3.8984388368457004,3.7802743853477367,3.710876659236732,3.6064121990077087,3.56346617632704,3.511257971689266,3.4935932619076984,3.459901927815545,3.460863773224562,3.4700512216503174,3.4537921927796558,3.4507080271827797,3.462018614691427,3.5188000687352057,3.521208234705584,3.5580492890908952,3.57133208842939,3.5494731730830247,3.5873381981532786,3.5469293278594414,3.6520872236398882,3.636655975977086,3.612832384190203,3.600239749894344,3.6496076744292614,3.6038207212371662,3.6412415592728906,3.689287305975748,3.6819993864228033,3.677092561188543,3.722105695511418,3.6810671544180003,3.7225797514917933,3.7111857704479463,3.7103685839717007,3.750814567994916,3.721848825913449,3.8014336272313716,3.7462567126599677,3.817396604047615,3.746870193799069,3.7957348826751987,3.7567678052903615,3.7592108350680937,3.8025292609270256,3.821095388465584,3.7777470334625103,3.8444871735113377,3.8000612489990595,3.828242337523945,3.839264433467272,3.849297520731831,3.7940025509795263,3.8837905554795333,3.8616154696724543,3.8410446055971414,3.8300680474399966,3.817185091624884,3.829247578128953,3.8805378388573946,3.8619072366467204,3.8455577608169706,3.8639790952253468,3.9194605298592844,3.875197647324785,3.8718646972068904,3.92315994923527,3.9037713353490173,3.896073414002572,3.8824299697329443,3.86139073174653,3.8734347903097093,3.8931074635901304,3.9019746654490652,3.918645606777459,3.9257380602628276,3.9196536694521162,3.921661906871047,3.8929710316661637,3.8662360746669555,3.9089690901210243,3.8999653663657585,3.909275387121128,3.920444752803431,3.8978832153049483,3.902824290563165,3.9296432227337057,3.9365614721364697,0
synthetic_0021,4.037018665692008,4.083060721447859,4.019127200292939,4.065153808042554,4.070444648369534,4.0734541933408455,4.015434301978041,4.086384117422351,4.038908145388106,4.029654129879048,4.030239295266715,4.051036004179503,4.03727280358584,4.031569031146558,4.06807627912005,4.017909933344658,4.009888730845143,4.055776929873357,4.05351139415816,4.063227895538743,4.009007050327375,4.062744271541736,4.047601659152944,4.079371041644738,4.003722171478139,4.039803363637905,4.026511013057523,3.992324625213688,4.01207309599623,4.054866280185911,4.009994244325039,3.9961080662525656,4.024533368492085,4.010722333506508,3.986223176336871,3.907331637853318,3.878976133436447,3.8465137826489393,3.73322612939061,3.65304207372877,3.635728993097681,3.6035615188253485,3.4960465853405878,3.4327083240056733,3.445782677505534,3.4505925807092344,3.4733995194836442,3.4981275880118146,3.488249944879938,3.4856666233650144,3.5195117605535935,3.5048045140088533,3.5411477701173024,3.5398025781521065,3.636266821176368,3.6028918639820473,3.574548407413876,3.583154515026586,3.6094609562001843,3.591305731324513,3.6258499021638446,3.6370156640931035,3.6886075559701768,3.6665676305310746,3.6678844681230696,3.6642518034426295,3.6781705447497255,3.715466323069168,3.721009269444798,3.763737414888806,3.7283854938805727,3.7790724932439708,3.767253964058536,3.768703738948131,3.726373673478213,3.7518660259634307,3.8099704924910816,3.8334850003756475,3.8105990691113942,3.8311989821174257,3.8084461206794793,3.8156698519894907,3.81451057401609,3.8614050151699884,3.8513874525371863,3.842575346261874,3.8456688258427647,3.8730819785333215,3.872384260563715,3.8484931225440357,3.917036720260889,3.8852650092509364,3.8836668751071506,3.9247700172867157,3.917742498056511,3.89412206020035,3.913778613062353,3.8775693974814263,3.8921231993821683,3.8553502728057194,3.9459741191750757,3.871506274449806,3.939398335244724,3.90490065702599,3.9043985181149803,3.9271091450191378,3.94166692504955,3.9532432041575127,3.985080024006591,3.9525205171433404,3.968270631806693,3.933886086989118,3.9692231584772566,3.957670107447502,3.9446456326906776,3.956143264878111,3.959241555351968,3.9677557303366107,3.9751338745889666,3.954436555755564,3.9506393629056697,3.989787274989683,3.930572086579309,3.9593613008770787,4.015409332350455,0
synthetic_0022,3.5881540301569457,3.4584903332097814,3.559114324943048,3.562133742992211,3.5461088174726876,3.5176600592899074,3.5321286752397465,3.5007672339406337,3.5434304562306806,3.4951989538504695,3.516346004999461,3.548094878859184,3.4953245768644177,3.514065399840783,3.5272632333434646,3.4895879620260395,3.5522050039547652,3.531557931594853,3.4850606285710684,3.5216399483935596,3.5032205070897726,3.505840328901808,3.5236970050350305,3.503263623823225,3.543928346370581,3.5003672645420565,3.5397131014198844,3.509768793703748,3.5256926235014485,3.4808329437602046,3.4668684448541023,3.428795370269544,3.440568227580952,3.4057864152772233,3.3772450199125297,3.2840926326496187,3.1743719300127813,3.0842653636933277,3.039134639742422,2.9778787556953747,2.977506546053353,2.9406547534394707,2.8843982481423414,2.8859060209435254,2.9419579728841168,2.9248638479321647,2.9237986771460305,2.9735412593791155,2.949529248374892,2.968063730618309,2.9795150112146582,2.9579072028102122,3.0442345171627068,3.007765783179184,3.0387736909412797,3.0489966950773324,3.0999612781367474,3.093851331709989,3.1093190174764813,3.0799088927970555,3.1322734283893485,3.109726653873167,3.1661124277678123,3.1790305913203443,3.180500792737902,3.2427413934276434,3.2152474635647517,3.2270159529014024,3.225428963851907,3.226497573723944,3.264613857994101,3.2768647850036934,3.2253844145159465,3.292591463722855,3.2871299507785405,3.3061045306024366,3.301299577491677,3.265859529110673,3.2747350347861537,3.356542085368122,3.323891964658417,3.2885954454859787,3.338973554816684,3.327264876934614,3.2960907552556487,3.2905959043729207,3.3132805694107668,3.3654663778038176,3.36262718664754,3.3625957723097124,3.3807808657392324,3.393379641106292,3.330329226716042,3.3797613350984155,3.3708525815922696,3.3648473595746604,3.3859946274522374,3.4004749765817053,3.4006386093853473,3.3745640066709197,3.4023712328006357,3.4682547565663477,3.3947971672924857,3.3821823082634803,3.434339001182208,3.4453748730489764,3.4449674009738924,3.4081893607467357,3.4638624008993713,3.4219189466167066,3.4157397387644823,3.431378882338591,3.446274764445968,3.469170741968302,3.469167513214724,3.4551918649828126,3.4811911967969262,3.4619537350186382,3.484299835136296,3.4287250759325087,3.426328769895476,3.4868791085818174,3.434480496714809,3.4633862926808194,3.4701103891804457,0
synthetic_0023,4.100109030712943,4.135391443956619,4.078601665283491,4.077537551452292,4.0961709905364065,4.123732774163625,4.0483097080929324,4.080202425549111,4.073353636667714,4.091991817101579,4.081984226940354,4.094491677337605,4.067453029451665,4.079208855929002,4.061209727976189,4.061337061630132,4.074368816130849,4.074299899997652,4.048449768915996,4.116876984658334,4.074037905011218,4.042497489101506,4.104126781926282,4.057107555339689,4.087328772492188,4.0723592930221715,4.076225758918921,4.069904383170678,4.044632278439614,4.049984641987448,4.0846587734841195,3.955418358596726,3.9802805209345444,3.9431940110279617,3.8430675372585488,3.7540972614887624,3.7450541327176787,3.5742966169597667,3.5545858696826076,3.4456564589120853,3.3783922774885684,3.349787908299914,3.331406312487656,3.336065860733744,3.318588162950676,3.3195077405092346,3.333216058077501,3.3785086052720628,3.3828139034692497,3.3559775830083116,3.384194462084745,3.4274780748873437,3.4226029711189025,3.4474322071927213,3.4512306927863974,3.4864377623279292,3.5209585693036205,3.552162753809348,3.543954492673723,3.6115625184537112,3.5732831299327916,3.6700752642308156,3.6298819354398084,3.6314257935727747,3.620276899741281,3.5754751483216016,3.6551454859172114,3.676028630459655,3.7318083906566004,3.661062806985856,3.7546596120754745,3.7118442042254984,3.747006789322794,3.6758663958945714,3.752982295829351,3.750753377633521,3.7859528141406984,3.7804321926816615,3.758577694931974,3.819521450973415,3.8216645607431152,3.8274169541221243,3.8456739481761546,3.8556903292352462,3.835104830732158,3.808968487368198,3.8153282066039496,3.8905274348580714,3.881171600761958,3.8723894089504376,3.8652081749981217,3.8829122284118665,3.888610884332616,3.8852640255441373,3.881728835044802,3.9586684526288334,3.915470165167668,3.8996510550069896,3.8871336627455704,3.906285447504792,3.947021475782798,3.9524506255020126,3.932361234828089,3.943312208096971,3.938466706953972,3.9223486677782318,3.9864199214932814,3.9669120177628177,4.023112004473694,3.9457978091068977,3.964657866641929,3.9934629217644106,3.968455139889892,3.942988304690123,3.9569643083980957,3.986120145270602,3.995013594269257,3.9868075838637407,4.01692097712301,4.019234407134863,4.004988841957836,4.000020747230252,3.995382465982559,4.017766144755522,4.029198438726564,1
synthetic_0024,4.190127312580127,4.234295303783874,4.226326201768654,4.254906426080133,4.216553479961677,4.236770262218872,4.248226186854319,4.240011778012023,4.199936479982364,4.2105354360693426,4.218393016906051,4.1905006167141226,4.227002439305164,4.240741683573098,4.20311557018963,4.264443031646052,4.207849081313119,4.210024701787126,4.2091130617528565,4.197318931444125,4.225404024752898,4.215352803958564,4.256223689169958,4.229620876111195,4.2274926003903195,4.207913788782886,4.177174492052994,4.208873351839947,4.187672277638314,4.229382357116022,4.199722366115368,4.2343879927197445,4.199502590379248,4.184797378954274,4.144730589067657,4.109120346440288,4.073026278549925,4.019737331272687,3.907917075370344,3.863089707847444,3.8616830300640466,3.7459317351449073,3.7047383098011992,3.6689944539511417,3.6364807386574625,3.697862242169235,3.6718162437978124,3.684592535227855,3.7331001977343115,3.7615031523554663,3.6894726746638877,3.751545131457263,3.7545003964891572,3.7626164608995656,3.778202202963513,3.779003429774582,3.8323714659852905,3.820730137755687,3.8263749758392835,3.8609743062457262,3.8639088740414884,3.864352090109066,3.8720344930820976,3.918440595415443,3.8976488261479876,3.8927146146584564,3.8832760562695183,3.9055536251041127,3.8970731983316,3.93489071140864,3.947238619069902,3.8978962906253805,3.9577194312623005,3.981340260180102,3.9768868140014737,3.956236375636283,4.01897654049192,3.976785531035537,3.970212168007976,3.980423712600001,4.013402005063737,4.04446755259185,4.054976975954762,4.036842838632766,4.007344393391966,4.026180565558627,4.025406629080405,4.048481033844573,4.013523347372761,4.065439499659032,4.083426697019443,4.06807246734244,4.087663006116374,4.056923245006329,4.048120393012557,4.072539065134511,4.1212474723133035,4.12180778043873,4.0882614735598795,4.1332912122703,4.098481437599861,4.147704651347687,4.125175587521589,4.104916427923835,4.139108103997206,4.102777511980478,4.101579489909011,4.091441841251453,4.136831792957414,4.131618642680621,4.133521693832687,4.127628981848197,4.176174332679139,4.131917415232403,4.126633197989049,4.17801497052289,4.184472667420214,4.159427195920139,4.109408852256515,4.139811127922709,4.171963181189698,4.158864489108686,4.1989998902602155,4.127649187100873,4.180404673721859,0
synthetic_0025,4.027053442234478,4.008004190550467,4.015482070486922,4.028074151189836,4.017621254741131,4.0732530804593985,4.076714233334587,4.050067517822893,4.017386299399688,4.040281630728609,4.026091086465792,4.079591672470232,4.051137378079693,4.0554731271004565,4.033242700359542,3.992947976640208,4.023946847910812,4.015300427893172,4.052458740940324,4.0455944679003855,4.023107210745727,4.033381599113369,4.082179867506437,4.018912575999102,4.01975924616824,4.036709262285473,4.024491465105962,4.030560380176339,4.053500742785416,4.081881814638391,3.9915724968010156,4.031750442778432,4.0273693437953035,4.015346303678404,3.999457043554706,3.9760113359817577,3.9813897896992527,3.9053510607963133,3.861562296628624,3.7994478736812933,3.7264870139303206,3.645431500991616,3.6142459508252878,3.537172805771574,3.502068004970759,3.469572899367679,3.4302672953281657,3.4280550446401437,3.4225990476711674,3.4582796594404903,3.4432768914268714,3.444169270234846,3.4874287433969724,3.506047835737232,3.4606856342765324,3.558850414834149,3.5292962402002357,3.537628881140405,3.5785284922682497,3.5650035023980005,3.5593388539716218,3.6402440618547103,3.5692265011863222,3.6041137369716636,3.637964407799296,3.600038852781625,3.6339935951996045,3.6557458163488152,3.7154379280835705,3.642174239341524,3.6721872099268213,3.6985229540535984,3.6925546248203216,3.6687318966953546,3.7170868672636845,3.7174634475742425,3.733621449062255,3.7582925329117276,3.7626844719816845,3.7547249117504373,3.75930344375342,3.7309205273642188,3.761707430174714,3.7770995362313102,3.7679392030947905,3.786628374561919,3.7696327221339794,3.8345588604783827,3.85579842276966,3.797917558913584,3.823192164335009,3.8127265413578963,3.8554227469207616,3.8398731861930164,3.835957891900881,3.833341349378891,3.8468793248450766,3.823397642239833,3.8698661690824427,3.839591697568289,3.875172609026317,3.8692981675286027,3.8975877286606053,3.873848668567231,3.9038143679355017,3.8590498785444023,3.901125099700434,3.8839781656955656,3.8980410160704753,3.8984997210803694,3.9235510839615135,3.853010662905948,3.9148564271338375,3.8726184121201412,3.9432776844062416,3.8668417220406757,3.8940471694002166,3.8802062011000373,3.9658772440203003,3.8954478373806642,3.933231984423616,3.919637017475404,3.890623368672738,3.929710164117482,3.9571764438501003,0
synthetic_0026,4.144312930314611,4.16252209542123,4.201405665015945,4.162988857430617,4.158793832075836,4.1384723687583085,4.135045625038231,4.190534211522336,4.126126277381791,4.131103321334106,4.1514950152388845,4.143272647831964,4.2028337670922,4.09477112979307,4.162957717622283,4.171736384975978,4.125898498041614,4.137784383213061,4.1646954853006095,4.194589373794838,4.130794401333198,4.114258246537299,4.177944865452542,4.191563537211122,4.144842275424248,4.097484668258634,4.188526342368242,4.146342281814141,4.17798017577823,4.146609095469093,4.134953884095768,4.1279329667279105,4.16831164295452,4.155690249041195,4.049144750166044,4.054211901283423,4.086968239934117,3.986169875070494,3.901411626376453,3.864758723852941,3.7873875781103488,3.7302100845289514,3.670092028404485,3.6348644630915246,3.6040795685737548,3.6079621890692515,3.572551037489594,3.5856594206812242,3.594068561792102,3.6382433344392036,3.624880165334418,3.623969376562469,3.6519699458571253,3.660903599493821,3.690233034477663,3.6879392213991338,3.7322221381735017,3.7328882367195217,3.7099116012235265,3.711983077370105,3.755553924703262,3.7572809026284215,3.752606906466681,3.728386486339445,3.7295772060042047,3.7939113185186026,3.8140416847910705,3.824175504150969,3.7809884085642005,3.8479443940477416,3.817270849533366,3.8487259981666115,3.857605819110388,3.8350874334810596,3.848120976841665,3.8186310781051263,3.8548961677599496,3.8399174824968454,3.9028953313737147,3.900296034275713,3.928234659580885,3.9207477763665404,3.9022487164963984,3.932893045679783,3.920438903535902,3.951232861164985,3.9495467212665685,3.922457346719014,3.952592946727741,3.959148336271623,3.9551635644879246,3.9901882146702823,4.015472323133372,3.968157837083172,3.973166729955221,3.9301966769678116,3.987523475060684,3.9840772430274707,3.9450777576322023,4.010337932315069,4.021814982382851,3.9924994597416474,4.005250346640173,3.994020705177843,4.040769619656017,3.9872017897320844,4.020649110527161,4.080513442251271,4.036197825396126,4.049695599326689,4.03733994921087,4.0145765593304565,4.045975258599996,4.059734622929377,4.026715308788436,4.063459968104343,4.088612167529009,4.086734751791227,4.022862019134042,4.040423516302218,4.0267767407546735,4.096150784366709,4.086824839213508,4.091282859298388,4.053827844463059,0
synthetic_0027,3.9118878597524036,3.9244476380264146,3.9140337912794956,3.8823488466995166,3.855516685778109,3.9018610939356093,3.91244173801169,3.9018304190222266,3.897623218126563,3.891045003691982,3.9262207895935055,3.9070184731455844,3.9114052664849326,3.8840318918457752,3.892802073123091,3.9123961827422136,3.8831482129313923,3.8767740368423094,3.899985807066378,3.938174095651769,3.9128236189528964,3.944385398347677,3.904368955756008,3.899537460539498,3.871915549152376,3.8914407894082057,3.9403782841778137,3.91061513173327,3.9175756725488307,3.9120174565009957,3.8867704141281023,3.8707707243083695,3.8623397479904162,3.852034942013685,3.8125139878479284,3.7667720743951807,3.698128439398425,3.6024133787171078,3.534447847015284,3.4539873673253014,3.4480776647221254,3.3266634342619152,3.342982107872711,3.389709158325199,3.3133865713515442,3.293239977826482,3.3263524257021566,3.3679209561806998,3.3429210937799243,3.3749391832313327,3.375571772271391,3.377593157200426,3.47961504442073,3.416504615928505,3.4149792321724046,3.429586960744173,3.464484734794125,3.4780174515424984,3.4995756789438546,3.495960400605521,3.468466805870306,3.52905377735031,3.5192088961411474,3.5306433695369446,3.5112791227631903,3.5442706765908585,3.550403553572243,3.5773453256646377,3.551328370859893,3.598069374912478,3.6087902067415167,3.5863135164892035,3.6070714390758063,3.6093903494556687,3.661428882907948,3.583215847148022,3.6453042552889823,3.6196263856957684,3.6573932474107758,3.6961982355885232,3.665914026389075,3.691599093003588,3.673295953855446,3.748999460012381,3.7292655962125205,3.7403699410637428,3.6845760759158432,3.695684757022714,3.7554819874699077,3.728754779223358,3.732145768638093,3.7517763041962278,3.716752308100934,3.7720194579100976,3.7575917974032,3.7734241819530383,3.748864479535106,3.782527900725105,3.7560265112232862,3.8013468423701973,3.809457845267612,3.8076369003015773,3.8012711564357384,3.807624455014078,3.7274528858888663,3.8192005141274423,3.794612765459788,3.806883376308621,3.800376270983302,3.775565330244931,3.799670814343568,3.83231330927799,3.8539201348459566,3.8054736651595418,3.8009352727312518,3.8622455471293295,3.806235300654614,3.8824215514312153,3.834062971656685,3.812864469773859,3.8616497130278225,3.8814069578147765,3.8051785947911503,3.881939121299709,3.8377930632520907,0
synthetic_0028,4.594746788122969,4.623981377132469,4.614672202595324,4.588963239273537,4.565639394791794,4.558565615763418,4.564209819182334,4.550807929818458,4.564716805547836,4.507966448876994,4.576049835000058,4.570852437206129,4.635719092982222,4.590535226142287,4.5595526509784285,4.585663319052282,4.540880422147405,4.556425794166172,4.524754600739202,4.607275867488393,4.5860869313421375,4.541684818976243,4.569285951228304,4.594116094748199,4.582092411502811,4.578259372079739,4.545699644685719,4.5488260736229025,4.563484577666258,4.578560712770797,4.526462918301588,4.506688798780427,4.545116723295542,4.467366864887748,4.4821261321507055,4.415266297114776,4.375362700060418,4.334428712645555,4.255271709758009,4.212212025286198,4.132906233282884,4.111675881818422,4.128214663071194,4.141820143140714,4.135945943715452,4.1612642060544625,4.116398283372095,4.12097590487825,4.149589173208995,4.134168537172134,4.141786916440286,4.126984212527697,4.187789942279724,4.145979106499775,4.195225265771981,4.156413311272817,4.228587879592311,4.184547110828605,4.240237487087885,4.1880935952802645,4.225302174446715,4.274023032015502,4.232496957971788,4.26217969173251,4.256215648845655,4.217928612777718,4.290669557429084,4.3008983512939665,4.269345791779724,4.318159110159904,4.290534247848938,4.291788283588589,4.323332032952415,4.312257629812769,4.392584793606251,4.302234233367148,4.365257605747764,4.377068181672404,4.30827564164295,4.319723644551994,4.382243552517645,4.361166938563549,4.3876908135307175,4.411364044666981,4.37823238871369,4.36548018796787,4.328274389832169,4.405947110938547,4.381831747776816,4.416992742397491,4.4189581603254675,4.38246642147467,4.4639889966997455,4.4516933908796865,4.449446726733501,4.402166569592282,4.425043737995396,4.424922168121541,4.4315092166875045,4.416977320587189,4.459068937371028,4.456979262570002,4.463353208174824,4.444467311115775,4.492217147051546,4.467391110527369,4.396939925008991,4.45200408518677,4.469138672688065,4.4971905435265365,4.467971541369832,4.471609456320002,4.4636047142611,4.499070369287737,4.473442570843374,4.471692384543609,4.470318147872777,4.504828311874834,4.479580736899837,4.4529498391552185,4.512307922948,4.481055568836906,4.509315905286546,4.511492850253132,4.533952398563113,0
synthetic_0029,4.503065840476451,4.472173160435741,4.495992880186625,4.453157402615283,4.409903534434049,4.499424711180237,4.463459448247684,4.4644605382846025,4.462516567166357,4.4772454159759345,4.474454693679935,4.421359547600979,4.488290045793678,4.447885753693124,4.449420866138925,4.504263432623937,4.4840617876984235,4.452547017171674,4.414520553857329,4.464861186597569,4.474116647966912,4.4583744292501555,4.4288318447077115,4.439590933780894,4.427014786756128,4.462298002406518,4.475120809442043,4.476779988937898,4.427513387505915,4.44362053360446,4.439475805581643,4.394915592531583,4.378028397499516,4.3984266453552,4.301553643827005,4.256523247429286,4.150571863536769,4.086881855698065,3.9870213173430917,3.9803937179799287,3.973299859167642,3.970945500278882,3.934749906256556,3.9175167325035134,3.9039360889236865,3.894561480533552,3.9155829557861743,3.946863190690775,3.9249893364512203,3.9816065246909447,3.9475664347405552,3.9415802184864397,3.974505927378714,3.9716851751413587,3.9922318598607482,4.067741868470391,4.046994263047615,4.069676556819964,4.1050327254234835,4.119082380142257,4.086177690876929,4.142864366093422,4.129800753179454,4.130490834709054,4.151376905227376,4.114304056169338,4.139624562419178,4.165626395856277,4.192354250501618,4.17632916713896,4.1907099741733935,4.226144044970113,4.244975601156784,4.236403103523662,4.256250865043484,4.221527449518286,4.230858873214234,4.253155448950912,4.244146402136099,4.245277317537934,4.305353089487094,4.264931105855913,4.251544130060579,4.293441300245485,4.3325462929514735,4.2939048952133945,4.327745274043043,4.290938788013304,4.294378470029241,4.294048881051738,4.312203269876218,4.366056537273401,4.295489063424982,4.369409165720928,4.307245732905281,4.330471029492304,4.360954738718611,4.359447951075771,4.354264498451076,4.309396382205775,4.363000694872411,4.3316006260098145,4.424500948426027,4.357967450560272,4.370955376569997,4.3404160546629,4.359872429195593,4.342246414237021,4.4016584999982085,4.373090670539269,4.396150724451034,4.3673404362945005,4.374226356969324,4.42119025821215,4.366857323902999,4.348212566513663,4.405440726132627,4.368726379267554,4.388188800847493,4.423823337012377,4.382371397512055,4.4265460512795824,4.389250211884766,4.445192996777245,4.442649435932375,0
synthetic_0030,4.110880356048749,4.045982144070899,4.105087230561294,4.049052533171145,4.060657827030785,4.037458081969863,4.134774058210082,4.083617565375315,4.088268226914579,4.065245575287242,4.108821169642829,4.029565327071742,4.082807895242705,4.137303993044494,4.0725762063142,4.082543397795378,4.098900690494296,4.061777950260845,4.0825880111567585,4.105968660106493,4.0866906851383575,4.090931285520985,4.072651718174346,4.088862479581974,4.081726396691572,4.115722427047567,4.095937707473996,4.069404708519156,4.01075784151815,4.084384244120091,4.077149474501714,4.02304349519658,3.9779041368105976,3.973311848171376,3.9889145307152605,3.891357572417331,3.847058929659005,3.795613542812101,3.755825094398963,3.6721667418828745,3.6254742205956414,3.580648211281657,3.6129254685172403,3.586586861119836,3.5531851783059,3.5219888430310906,3.5424245219459722,3.584541762299741,3.561526597507588,3.612356189911472,3.6101069680432594,3.619652312916462,3.639993128031601,3.647377094716992,3.624646404606837,3.648804450172176,3.7261527263842966,3.6479349458242964,3.6765007558232394,3.724995982847545,3.7041177018999103,3.697300795125265,3.6937917787737793,3.749306203394182,3.770209206986693,3.7882927714716392,3.7630060706727,3.7959396269582584,3.751937850226218,3.789706380082051,3.7761187298427266,3.8047549840807364,3.8263453666298144,3.8413068329474966,3.7966244466816303,3.8596944883369404,3.8226140434881097,3.8151322469952027,3.842651988692381,3.8163385419742877,3.8588497943557436,3.871662509593273,3.864950583913601,3.8887629262439245,3.8727533849726017,3.8858494139814543,3.8547287917484385,3.896682308202297,3.8790857874298545,3.8937426645037694,3.907152896009201,3.918662361802357,3.8770025524377596,3.883255877907026,3.91885833615165,3.9422300808307917,3.943238360676952,3.9603154673872374,3.9741907379501744,3.957649204447711,3.948225409073282,3.9263304791240894,3.9317738070577826,3.946970634033913,3.968479414109605,3.9703730366846863,3.9679452222895737,3.9669296051758876,3.9893446165416004,3.981552937813842,3.9864829272849875,3.9893713171339935,3.9705599417492565,3.9609381472294545,4.001415698074495,4.001922317052927,3.9883098946011533,3.9856647519596713,4.055209414705116,3.981403389691901,3.9970254979243536,4.01112938390179,3.977611845304218,4.011324193014325,4.055213709094652,0
synthetic_0031,4.4574268377862,4.429570450127148,4.422896800492891,4.436017984476434,4.4561092608349835,4.441727374463399,4.450330036857887,4.382863317859457,4.463292323938403,4.491980300082699,4.4668368819227116,4.425522274230347,4.41224936120673,4.440393451121667,4.408776891297696,4.451584492350009,4.420294183491284,4.4574255576797155,4.467430737557299,4.382522182917805,4.440572480068192,4.415679480036437,4.397712089877876,4.417245240232244,4.426776733287107,4.457430806478464,4.392533593660509,4.455268202526889,4.477033468175399,4.437810823226022,4.430855442864789,4.4082527275758485,4.366214925038378,4.389603791106451,4.357531904823419,4.32594323286303,4.3166988659415795,4.198911774567829,4.104076796085507,4.034570262839595,3.877143440593824,3.809233807374685,3.7684033974099207,3.717389323965181,3.7226752550459055,3.682106128475965,3.7283391831848602,3.7248836914270353,3.713095826975496,3.694406583761647,3.7317362642799536,3.7500724297687404,3.7172973676938224,3.7671707930032188,3.790684984457942,3.7929663499609125,3.8412022258421836,3.8464364283476913,3.8093531466513753,3.8467469471273854,3.836109823597589,3.8845661778478435,3.8611934105263788,3.918467109836757,3.9173209782713085,3.9438464595256053,3.927636941908003,3.9062807329163043,3.9979989815659054,3.9604505136211268,4.009845732599635,3.996604421550014,4.012882102679098,4.051730835425019,4.024219415291667,4.060224478965075,3.9973994774645374,4.065362706384689,4.046409079954698,4.057773789971153,4.069815352583252,4.086539829533864,4.1273964950117055,4.047531395412267,4.102702064852137,4.091239910504926,4.145676654733158,4.113165326981853,4.142209107612742,4.127739150213174,4.161108400042572,4.17635407252542,4.147476396060076,4.164919445488841,4.13432179789634,4.183464377462269,4.203098174129152,4.173535061419999,4.221027619518327,4.146656776548685,4.157552650110222,4.174354827219364,4.202046985860607,4.219622110171084,4.2220612898824195,4.227120911377271,4.251544490874101,4.22620301539467,4.210863995594193,4.215704887911691,4.303863481691835,4.196394600900805,4.254845503356059,4.299665309968064,4.27917550396362,4.250138045013133,4.274631051986994,4.299789650241871,4.31192841850703,4.262693799351036,4.307562856406731,4.298161217849098,4.322681100693585,4.332980324846635,4.292714614126849,1
synthetic_0032,3.8433558451453758,3.89762788573424,3.8116010586056817,3.8601763959075988,3.8233406001457784,3.838842246237751,3.839842240602555,3.8754666994854556,3.8141998718158083,3.824222148994554,3.797774189261371,3.849775880741991,3.8261368809683463,3.8481368702273637,3.8107483542042684,3.8285835221495614,3.8635229798339883,3.8331634162609642,3.8531185770364824,3.850618118829691,3.828476170190204,3.7981505164684277,3.8615300803828934,3.84077825212097,3.8604991979031333,3.7846847671379797,3.792226218396022,3.777851993413422,3.806163133112647,3.8490215780648085,3.82932582747958,3.8025076549714156,3.7889192436662036,3.7784683303818616,3.714043530989709,3.6785108825575477,3.601149895924867,3.4533962272265355,3.3934231740202137,3.328792937451152,3.1966669142147217,3.125784488109805,3.053821849838613,3.014772198838651,3.029380754542863,2.982222757056874,2.9608489516753993,2.912975248562285,2.9854293910492937,2.9625574419921614,2.9799769775799723,3.06039152884042,3.0737627235202063,3.0239105181707004,3.1089697442434225,3.1149183658755097,3.0994198830275015,3.1527126297582924,3.1087679901560894,3.134122680031492,3.142749389381569,3.1651671399399715,3.2288398240352425,3.1871566112811585,3.205050065054055,3.2230901586000953,3.2645392291819633,3.263655532648582,3.3059323182902154,3.2785519602473348,3.275804120313671,3.3068872274276226,3.331565722069133,3.318302998184438,3.359229876312809,3.4081563496239067,3.3584326480692464,3.3840892384549606,3.426591089413592,3.3861774279634314,3.390577202401135,3.393592111034058,3.439867248480729,3.4515644369007896,3.4435831677910276,3.456759527749549,3.4957722088670335,3.493657419765725,3.4448073106485113,3.4873018277335444,3.497702561742419,3.5204427435576484,3.5040681074132394,3.5005737942108657,3.512159461363304,3.485915094394815,3.5363372693820523,3.5285269087247553,3.5614321157299216,3.53030144306117,3.5511121051961996,3.5434697786969083,3.547077542221124,3.5968874753985496,3.573315408082455,3.6014702547569977,3.567693705054138,3.6032948264433693,3.5637237195655582,3.598963306785899,3.603216088786655,3.635103452882199,3.6296919978156383,3.6253740974632622,3.655142948802487,3.6433485932054404,3.6562786188399454,3.6661705703141254,3.6494459193122566,3.647770660697097,3.6671911713632164,3.6524343169738924,3.676279577861753,3.697937819384512,3.695191757178906,1
synthetic_0033,4.120021759318056,4.082851335117077,4.087183817224077,4.1107519449474,4.080476359151214,4.088412555807406,4.135160765599757,4.129560927227986,4.1080893235085165,4.099071973833265,4.068184831810335,4.106291061950146,4.093793658668912,4.09783605270003,4.079367064066806,4.0919664909928315,4.08761015444352,4.099989890903877,4.127607897662059,4.10078586197995,4.0500628888934225,4.066713456225522,4.050618249952477,4.069131199407797,4.101011428453922,4.094211822237659,4.064895718947269,4.079848042318502,4.044288660789156,4.012784373417229,3.9912512710847894,3.9736698510609925,3.987610430225869,3.862617599232263,3.8584593191000938,3.7830561900159765,3.678274461638597,3.6255086754584718,3.565211584512598,3.5461965450357886,3.5419305696868277,3.5149655670958984,3.5369553127197983,3.544838378683511,3.5309157241413436,3.5401918179343665,3.5417723447173644,3.5641513123967483,3.540396389278621,3.5911929490752965,3.5990779256230767,3.585206818923307,3.6729805986391413,3.6073726002739877,3.622008711174027,3.662418373666886,3.618637899181339,3.6584368218645245,3.6510703393794817,3.6756390088160393,3.706807662910838,3.728182524216515,3.7575845674324904,3.759727705036325,3.778491172102283,3.772688888843494,3.755152847813341,3.8032705233113093,3.771630015750278,3.776636759611976,3.8380653322361438,3.8272939872256644,3.8206219937118413,3.8412449116726086,3.851534486961482,3.802522456619993,3.840953229316874,3.820437547970188,3.8593308951677003,3.845763294170962,3.9025097301556526,3.8874464628124192,3.859980934690762,3.885392489092626,3.8610555340097164,3.897630547084281,3.9154498271388647,3.913390868790584,3.8635206316821162,3.908109544306345,3.933832843360603,3.933286892964059,3.958999572400095,3.902219402702814,3.9515799800839626,3.9262978594763602,3.9513844422001534,3.960492311023913,3.9712663456502963,3.9433388833579492,3.965924345164674,3.9355720174319853,3.932880525284121,3.985280077268349,3.973235800245004,3.9372484487890116,3.959480993479349,3.984140442925604,4.025392410871019,4.015430525220417,4.011982268280845,3.9500661799510053,3.9948239068776474,4.011683699049103,4.012042432278995,4.014972510964939,4.0010623768926035,4.053071219196645,4.048229165175907,4.011126085576354,3.9910630153323963,4.068895245986415,4.0057312144148645,4.051367738809657,4.071042274536679,0
synthetic_0034,3.956167537118809,3.99678563555303,3.9629096477019123,3.947941150023492,3.9762990341972912,3.941361615207681,3.9390276433272873,4.0041086448977445,3.9276359690113942,3.935934988782304,3.949253426193766,3.9217341651276145,3.895429069913838,3.9745318835703527,3.9285229950302165,3.9346007489082258,3.9388056422738384,3.923555443370978,3.921207339225256,3.9520224267373356,4.007861019238176,3.9662038297177524,3.966271070017967,3.9096652138828567,3.946232653772833,3.9165396706017055,3.964324605047,3.93762695534773,3.9416832692064303,3.934538722670659,3.916108104231102,3.883513127069981,3.9223714349107874,3.85324097058073,3.829564507412446,3.8119372553084565,3.7494883345441985,3.709213648891583,3.65436535329918,3.568006567584744,3.5109871975954454,3.459911369288795,3.445968997001891,3.355622304072336,3.398613950818576,3.361890255910491,3.3560334464870083,3.3926514422860006,3.391169900869571,3.4254220501356585,3.4493409925854395,3.375206847606844,3.4433139933160213,3.50591123341393,3.490405024870861,3.516493321637333,3.49430369198836,3.467080375491134,3.485804791042925,3.5424413448633314,3.559091372130064,3.5270537245939337,3.5486100825285765,3.57158889925085,3.530790932607418,3.57505573406283,3.633293530229922,3.656288326814223,3.6075338531919257,3.664407772758189,3.6136645720357436,3.6145026253779617,3.5865749635102504,3.6740333760255446,3.6481492570487593,3.7232041605461768,3.680029410814556,3.683310196215968,3.6401292883692618,3.7293084587036573,3.689093780913935,3.7003400191606746,3.655253144144877,3.739470633919641,3.746783796427878,3.7125281796801186,3.7354704038056727,3.748296928407207,3.767760955065333,3.7513745197464727,3.7967789974678348,3.7524753177441807,3.748083446877764,3.756162608776341,3.708864684237418,3.7564999413275584,3.8061038902033064,3.791704030992947,3.7686650600292952,3.801828550146161,3.7464713713875675,3.793572703610624,3.8174797791799735,3.8253773565281937,3.7920443680880664,3.8376280442466606,3.8648604021503856,3.8106783962420163,3.8430236888195157,3.7886321242589407,3.7815146098365333,3.8488065743896245,3.837419675317477,3.8441201139705297,3.827258540841383,3.8371355977184605,3.867332546514014,3.892532900241645,3.8466114225880905,3.8131454076389275,3.8886166802452036,3.874093923431046,3.8782957294862097,3.8679596156032723,3.9236102549039154,0
synthetic_0035,4.187561797921102,4.203993267636122,4.213448273117804,4.1859961495298394,4.24803527134626,4.178095319764138,4.193473626266438,4.210701742351029,4.173451622581693,4.219013386926725,4.220568910316718,4.197423096328636,4.252488897209591,4.2067786581791475,4.211760346565561,4.180702041986536,4.162825399376223,4.188906944059609,4.196623174771406,4.193232594512753,4.2237914066744295,4.144765395516924,4.1759438903771535,4.158389574905709,4.237275702738998,4.189017832665885,4.189411146024416,4.173400710004171,4.2214216964778375,4.185490252000554,4.196566438398783,4.132867025313987,4.202175564542192,4.166618266857491,4.147148997375211,4.1313564374642056,4.051201173425844,3.9953232639763674,3.950476877311994,3.8714881509725454,3.7987888435176673,3.7565032737886828,3.7037617843964177,3.7070459914864826,3.6961481655911586,3.6653493788174094,3.7112875935588834,3.6294013569708348,3.6688362426462002,3.7262895176329094,3.682875452160077,3.664054932983556,3.750138201198938,3.7400507121153765,3.7076601514497662,3.7680722985345274,3.733966833563483,3.7367439224565215,3.7770290050957436,3.779086061915204,3.7736880866783595,3.801860143123684,3.795447263239593,3.831486423030222,3.8385479861576535,3.8667175304499724,3.8453568251560095,3.8318728821993937,3.8404672719624235,3.875455147853134,3.928001163237564,3.918466726006623,3.8886371137745575,3.935642782914577,3.8901092086208906,3.9515473318065997,3.923353931181664,3.958853538466826,3.9616657940802855,3.9454275602494504,3.9667533814842355,3.9378034820084786,3.968564899252642,4.00328965041739,4.084431553986512,4.0047907666671625,3.994685531305526,3.9722789252937485,4.029274743328493,3.9661295694108007,3.9923452936152004,4.026143797754111,3.991525243706434,4.064832977992972,4.057979736071924,4.020582283347648,4.02505643308035,4.009960225954592,4.011858682819156,4.06193017248113,4.0702279662874,4.067070005874459,4.068501205696369,4.051276292633316,4.077767994043928,4.035138431797018,4.07550211003787,4.1154260117258135,4.114725180052368,4.072930892680983,4.079107398633886,4.124917960316209,4.137992251044253,4.058335647478352,4.08783706753144,4.107008047946661,4.134236921440371,4.085110246155271,4.124663241387119,4.103361632614214,4.1728046619128545,4.126222959606829,4.114236179647603,4.111339523659706,4.148320987270682,1
synthetic_0036,4.338996700820465,4.325475944937189,4.32469289241901,4.340733264445791,4.3333716311600075,4.371223420573663,4.377973206918826,4.351975162439887,4.329877792641631,4.378157320700699,4.307155385514537,4.309476901224584,4.3762097918162475,4.374404844894929,4.382372974466606,4.352455408852965,4.326148055391538,4.344936362975594,4.371816095208641,4.338123111894368,4.339405514574249,4.321505389350304,4.326507522003322,4.375668094018925,4.364026469772639,4.320561415802732,4.318167939884551,4.324413585191053,4.342046166851924,4.283598353683362,4.286039592438484,4.203718543748773,4.18032448955883,4.1614562360803955,4.096725657434601,3.9556212031969746,3.875672137253553,3.8448586606217465,3.754303309183292,3.7040077532448126,3.6993858382652753,3.673692170895736,3.689985409545214,3.68331100071231,3.655769828968502,3.6777690967636265,3.692096923236472,3.673798540370283,3.6984091194038293,3.7625967639728497,3.713795395091276,3.793953166816769,3.791295594056429,3.795527196341864,3.8270994947223955,3.8397920308742384,3.872087655066656,3.845264704009915,3.862802943807756,3.8752494032829583,3.941206392090897,3.929925834022794,3.894917032722271,3.921333898321015,3.923285846871306,3.9523280942274632,3.968060529056707,4.030643547375898,3.937473500568429,4.018947233045588,4.013720919862656,3.994527568105911,4.017508690619656,4.017711086171185,4.040050977844093,4.072467056635501,4.0173338437109285,4.096332534791347,4.061800872108352,4.116421231858166,4.09644178449859,4.124213567327277,4.114466143043269,4.134294808435487,4.115117150157643,4.099305863250987,4.14329032328117,4.150371286490016,4.19112071332132,4.094064234890142,4.144994498925252,4.1820507000769265,4.129374104686207,4.160293938829626,4.224144170393775,4.211515772665071,4.158776544540962,4.221249322991969,4.219739507720939,4.2139850807679,4.208379756286898,4.209010837247762,4.185347713131217,4.198190101265928,4.2333757937983725,4.2223276551605595,4.268812196376778,4.2177117338467145,4.169435385304409,4.224592002824015,4.243222778481433,4.249075823999026,4.244331018356885,4.225093173942069,4.286097871392212,4.234934337330137,4.272188079627661,4.249941840693387,4.229830428189807,4.297802679713494,4.20213048240092,4.246107936872299,4.280659194392939,4.263248642161937,4.293239852050112,1
synthetic_0037,4.164102928985604,4.140970777209152,4.149362311115697,4.184326441557062,4.182193987501391,4.168144013404469,4.150590054639268,4.185283283244592,4.12551397920711,4.159589939864218,4.161830521208985,4.14698944518922,4.1719791955097545,4.151459452512208,4.148066534137047,4.213224552111081,4.186667889902188,4.198091132121763,4.169306671400415,4.1920274807328655,4.187245794098019,4.197753265494782,4.226162530012999,4.160533165702881,4.17153037297025,4.1619861514912095,4.072628859305026,4.121396633919889,4.150348038841687,4.155932638785521,4.110964565952952,4.131884731085408,4.103781405910741,4.016401047324029,4.001385587368583,3.931365390804118,3.8056338575376647,3.666567317625371,3.6490852478252234,3.538670120721739,3.4780290686102098,3.4516748368853944,3.4121806768380907,3.442086142295386,3.4339699067945806,3.4510492933568524,3.4456754099940827,3.424774141047859,3.4558955337293584,3.4980171390449026,3.482695240385118,3.5827606935014504,3.5205383937537342,3.528576954813891,3.588321861647449,3.5943264824753864,3.590610817949475,3.6008560250920754,3.6321992029438808,3.6569705878784626,3.6693203472601432,3.656511455430198,3.6882887115755625,3.711672750398773,3.7224347763959154,3.638550647237847,3.705521494740135,3.72012942206735,3.745203203641085,3.766569278939374,3.7959622892097067,3.798914248390783,3.790563018846848,3.8043066069164495,3.8574310313200892,3.8075997733614924,3.8397446911375033,3.880238002894232,3.8584777051753347,3.8072381604927266,3.8759692791634066,3.8649618511609547,3.879653329561861,3.916382526665186,3.909268634200363,3.898154512680512,3.9340885119593345,3.929515536464366,3.92792498975234,3.939306987450111,3.9444221513104614,3.935750448764554,3.938741582417815,3.956669271308888,3.9378501546287374,3.935749198615469,4.005112120387554,3.9718220328023377,3.982300052280077,3.98447423472935,3.9932537856212393,3.9979263198842965,4.0035515896268326,3.9862430913632276,4.0339921737871896,3.9975988302257237,4.044871250152336,3.9750164880453944,4.000330667536973,4.055450382366187,4.0306213367916754,4.021129351431489,4.0507686068194335,4.018642659136559,4.050003751472732,3.9959163047898474,4.043113655378945,4.041220754575682,4.07392036113225,4.085208353781223,4.044757633312787,4.109076547704792,4.056712558962032,4.0227040449933815,4.017129184101593,0
synthetic_0038,4.557434755216897,4.618545984589098,4.582643022532609,4.629495238338162,4.579764868358384,4.525982469839699,4.605850394379371,4.575534293213872,4.57881167428306,4.62391957890773,4.578151699647965,4.61378414997039,4.584606315059519,4.565926614430023,4.5974013521764165,4.56968958556152,4.615395738611596,4.6086572910176695,4.586184865372842,4.599796592799438,4.598560216028956,4.577394141489143,4.60641533109817,4.577971817250461,4.5984691707003265,4.558395938671868,4.583305264379853,4.589005607091485,4.555595633464471,4.5599196266375515,4.549378912984099,4.569481526577235,4.516379790154791,4.520876067637423,4.513756699455786,4.438561391413037,4.331155747081901,4.306176768248674,4.258655893729809,4.172054071104029,4.160352360715138,4.112203653835614,4.083158482095872,4.052631099175895,4.041442467059444,4.04925327923035,4.063023737030224,4.083217782893255,4.0911715761757295,4.0847350253950445,4.106074963521299,4.126568987485734,4.0887281190444495,4.122518715981486,4.133939739752462,4.1607690923119005,4.170664061709069,4.182507540158322,4.178245971192879,4.227698734824593,4.228349267729439,4.190569193879713,4.241922250941529,4.223105245142748,4.303224253849799,4.258416056283174,4.2688451327297825,4.289420916855979,4.290714479694627,4.302410781757019,4.350478931738866,4.325148769594755,4.347857383946753,4.362438377924988,4.3169608518897595,4.390427583730768,4.3720800752964815,4.38529217037421,4.346085413503796,4.3942320474640715,4.390089927881048,4.372114397983225,4.448239380179334,4.41080478580046,4.3959633341485445,4.411961514754548,4.434886007672868,4.445263549458565,4.4362886154081975,4.456784628571544,4.4675842050005246,4.404312175520704,4.427267522879818,4.420029850233883,4.449943043371438,4.487473548267712,4.471492732364896,4.432686853508363,4.455049663484843,4.491565198694414,4.455927927207299,4.470065006932895,4.483269172917313,4.433206340801516,4.501232584809726,4.493215230260021,4.5017029586494814,4.4657760241490285,4.4737178587923365,4.480596703561351,4.504308289652072,4.502258332886076,4.506081392258768,4.549998035910881,4.540095981293533,4.491673755949231,4.4954404101485075,4.5567398848047045,4.5079328865167705,4.552282001393958,4.559675416747656,4.5079965074795565,4.516611467512293,4.527162305795207,4.505191306697756,0
synthetic_0039,3.9558760121811676,3.949403015417579,3.9269130292777437,3.9981432586860772,3.902477828579346,3.944681634836837,3.975001231109079,3.9261364475935423,3.9761502578202284,3.9923384369450887,3.9395343745857834,3.9662376222507674,3.9332534353268525,3.97367989009844,3.963200078668718,3.966358955030175,3.9950947225932008,3.9726743482327866,3.994474532556299,3.976572386611005,3.9305633019160946,3.966835797254997,3.9721469019306,3.923166084473128,3.991714404832502,3.9586451985894886,3.9639441983421206,3.928950686437007,3.9480126154267468,3.9458417565643513,3.918350053435089,3.9108971009395326,3.830137657576168,3.880556936609369,3.7685480630210684,3.676786125096082,3.628356580383964,3.5431069371132966,3.5046163786741715,3.406238229706785,3.3858619648329005,3.31870617241735,3.375643452835292,3.3234918853589535,3.357013525161907,3.2872996973302113,3.338071627392151,3.309137963576575,3.360754878404825,3.3774564529975617,3.335338906051749,3.3616494715627567,3.3757326156034533,3.381964096976177,3.4157013778353855,3.4241014958907594,3.425788572616347,3.477840510766516,3.5021744278771294,3.468466697892368,3.4998714351958236,3.526126031425786,3.5319386381578863,3.531705357446505,3.580657361115309,3.592450097791419,3.598849825606538,3.5869426146826586,3.6518266168198568,3.6554228654847485,3.611339867758844,3.6276047489943375,3.669289238164687,3.6283200060856022,3.6667597051710366,3.6662086073956237,3.6555069107730316,3.6751148187754223,3.649216041542233,3.6823274166679196,3.6532146714621443,3.7670999016711466,3.754549368003356,3.754244968172797,3.73752090308347,3.7612008404845505,3.7741370915574257,3.7736599901213923,3.77698776206772,3.7368348611954154,3.775812555752026,3.757041978496938,3.7460565390400067,3.7520597410276153,3.796176399277636,3.8165625323086574,3.7606671633134794,3.842999738922695,3.840470127410469,3.7984832690319683,3.800562592598849,3.814342695333034,3.844620889975313,3.814325151007395,3.7999513220029275,3.83980460780208,3.783093723415061,3.8416564308434387,3.8704322425053603,3.8523258801479545,3.8673377682687056,3.863230885329972,3.872060865803702,3.8603873953268177,3.8388377372923053,3.856701749803446,3.8631485884291537,3.8990488982397093,3.910757573222696,3.88307725990387,3.8561342787647384,3.8590372188418,3.8748546023396644,3.916463563103294,3.892249555634459,0
synthetic_0040,4.184897157445888,4.188752127365015,4.228329329489094,4.182156826423031,4.228377488271228,4.217222757185966,4.187473567619977,4.208260961265012,4.183068218671229,4.165451085333421,4.179459556232286,4.163470964436933,4.198929985857989,4.186499464587481,4.200307704775853,4.206749250109343,4.108029929982126,4.19375235883846,4.140813076167684,4.1898511017561395,4.163488608704551,4.187624899961075,4.218531322926631,4.140737862333183,4.186716849548624,4.177709041468437,4.12886268867989,4.18700943534351,4.16350695120104,4.137604924593835,4.113862984264511,4.185177549650034,4.056284027002671,3.9675893888384315,3.918867767911114,3.8459823303642637,3.7462190831817823,3.661547062653257,3.5597730201113587,3.534135111203226,3.4593449897026627,3.4046613572829556,3.399714387848779,3.4029751801278265,3.4343296345605,3.4312902678014603,3.4204577057963625,3.441468293178646,3.4598460556772945,3.5197386122979935,3.468041132350388,3.5100149273354035,3.531329793951469,3.504044830899694,3.5471030996692905,3.5607192022541816,3.558884377471578,3.5985370317498573,3.6234935151306518,3.639184651074424,3.618996531767453,3.6411199462178345,3.707442970179437,3.633116049691851,3.678016593074037,3.706219753613356,3.698967166941918,3.722605842440753,3.7212702723893405,3.7463007170702407,3.7697944030216477,3.742236205679137,3.762525432716542,3.765803744959303,3.7664753163633082,3.7852468230868825,3.7664127783705985,3.8220824045943007,3.8545999287927373,3.8630288352348345,3.8605021855255526,3.812509106554321,3.88243362536017,3.834205952767507,3.858245252995838,3.9130390347259616,3.847236300218313,3.9020557540205196,3.894887651426921,3.890733277523839,3.8791646956909704,3.918012212057014,3.9020957715872737,3.9459231806800172,3.956363614347791,3.897104731897029,3.924656303612402,3.934883725067206,3.9187659457429835,3.925687195936606,3.9610583092984615,3.958730390967013,3.9276117727940103,3.9603196630714343,3.991501282987436,3.953021791740225,3.9646332612172417,4.031858644291826,4.029441185924665,3.960231691581945,3.9711348235743813,4.018399117674104,3.98314809629307,4.010494903506491,4.009324527981996,4.038317691791691,3.9647196742655555,3.976418348365298,4.004289847979432,4.063677721466201,4.037782777213747,4.002171745442135,4.0603656992214345,4.068825837409838,4.048010890560509,1
synthetic_0041,4.13068944162186,4.116156259428476,4.1078298328236755,4.09446370666361,4.123769437372631,4.10985681396896,4.111270636357381,4.140604158467311,4.129560805469942,4.139112544939514,4.077967751819278,4.13131685227937,4.102608043865447,4.097144637227192,4.096040810350458,4.147619940070256,4.138016919011728,4.099375093469399,4.088823146976597,4.117551493877169,4.105635206970326,4.158484226800129,4.080263467378781,4.070740872368006,4.109617622147285,4.115546151318315,4.117462156920856,4.131241078826342,4.161563081904513,4.097070324371844,4.085761460839802,4.0459003244947445,4.081716741624279,4.075878535289443,4.017487141696394,4.010620015930822,3.9241773193123453,3.8880665847165035,3.7720918669400727,3.6464639925917686,3.586570007361801,3.5022160951714683,3.448782510282155,3.465585301084637,3.4611147465029877,3.47981349059599,3.429422763451128,3.430506260469413,3.418184223530852,3.4825392992675517,3.481029719418747,3.4707112065552606,3.517505719936444,3.5291615968038745,3.4831659908595074,3.5631058373242444,3.5623304331097208,3.5632524659450655,3.5764218026477277,3.644053157856639,3.6519160092203022,3.672018414799428,3.6101878176794906,3.634762900074018,3.685675047428226,3.644437111824766,3.66795955018238,3.651885865766515,3.7540660710631215,3.7447781155567847,3.7398785903909513,3.743840368575821,3.737621505667643,3.7475451449914896,3.782085171227874,3.7578642831736593,3.8150801306449216,3.7805939304312512,3.77936679989584,3.8417376274019963,3.8135646037136297,3.8387113029001014,3.8219451071181996,3.7833538735456993,3.8603880702828532,3.819960908615942,3.8874268039031965,3.828171267871536,3.826722691135965,3.887274316161385,3.8962945506167954,3.8942539650150394,3.867019868079079,3.925197600154029,3.8718482275835933,3.9021998664783566,3.899307686774058,3.9146403635205314,3.9503434785179334,3.9179874153456704,3.9526413463600467,3.9604575174185372,3.9047832449980886,3.922736181131192,3.946547352132281,3.9454504188024457,3.971962144889977,3.9198930302684682,3.9900134539622747,3.994329617100168,3.975130865080486,3.94828937092045,3.9864441795970644,3.976218159163015,4.007086576333972,3.9939667503058582,4.0174082667798094,3.9913906011390905,4.041232838396016,3.95041701079145,3.9854268559614408,4.025825295673309,3.9784361916398896,4.037193624535722,3.9908974652864417,0
synthetic_0042,4.220681000007675,4.2137663053464935,4.277127116200831,4.223510622614535,4.199049865348238,4.2464885707403335,4.243814586631471,4.253870376129914,4.267977537797243,4.199810829229378,4.2497794339596116,4.251776976531029,4.2232893061681,4.22939879743286,4.148183944492435,4.208879735978405,4.267888897538792,4.1784589914748045,4.209645580822164,4.230093950441632,4.237064847875109,4.263125101619378,4.177742626134279,4.22207555216222,4.241255579523794,4.185011791499181,4.213929693821352,4.257562295724097,4.236547815065039,4.20686684619999,4.112774897811562,4.152616325172876,4.133963822207747,4.073526268105155,4.023907454329097,4.035362875585391,3.8780728736736885,3.798124511390114,3.7756160890183046,3.7189274684793427,3.6884827350863545,3.6750837439956165,3.687343559183012,3.6720259078349016,3.6393835167485817,3.672973289956924,3.697314982945416,3.6843394964608183,3.736156012295842,3.738685514813604,3.7064789606159603,3.7512324772849244,3.804713466528162,3.805830444480117,3.776910476017112,3.8120097840546503,3.783723039114781,3.7751098445285134,3.83565255396121,3.838182864758477,3.8548433840285945,3.8510919576208305,3.869333184604861,3.8575954472994756,3.8912497139899047,3.9090163175302495,3.895276809775532,3.925420700533,3.8689111832925245,3.901439891080755,3.964917336563516,3.9803587263166147,3.9499026135480695,3.948187899914704,3.9260247407068376,3.9735880261580747,3.9905615325915447,3.94048937400095,3.9977759775323833,4.002179669753594,4.006888260790551,3.9734802313426223,4.020868245179269,3.975383167839767,4.0554155747766965,4.026812290946532,3.999439967032943,4.067129411124496,4.06719176633821,4.026798955993679,4.1027602224170066,4.027034639194957,4.064339976280127,4.090320334213765,4.008138955483408,4.093982918469797,4.071265904570498,4.076328433382371,4.053538567871791,4.0923920182010285,4.059910155138744,4.066903521124229,4.0832935955444025,4.067089719166083,4.140293440408288,4.070877662038762,4.088267224824058,4.102190722783398,4.113076743458615,4.13560979687596,4.139001337778528,4.1136445877971655,4.114218216804771,4.127233654809641,4.1493816641421875,4.148677793241128,4.120679941731693,4.084397541107879,4.191684035940048,4.164066826283868,4.148981588533061,4.152973542793948,4.133433772057429,4.123406958935576,4.142031215502536,0
synthetic_0043,4.158797244465456,4.132010881968076,4.1449324707640685,4.092614758210474,4.139192260343337,4.14133366452426,4.113729993296688,4.101143237116054,4.1546763357593814,4.124137878753834,4.156586046725336,4.133868219897759,4.159948174834374,4.135889728268265,4.106681224661239,4.142165065398972,4.136089279891512,4.160682546336012,4.132909940012018,4.134234340471822,4.165382685170088,4.172772758749819,4.162183300745044,4.168497571364771,4.152914904048308,4.159290019570917,4.159639152545476,4.144179347489956,4.130172323999718,4.123842285844206,4.167949263899225,4.089771395961139,4.056948258716556,4.016638697264812,3.9753069634811453,3.9198006318628607,3.8124517904731263,3.7173580682394958,3.7149025610041444,3.6158260967954035,3.6225749810307053,3.5923006069327603,3.6015498010627964,3.6074258409641784,3.574451092249929,3.5556321290594215,3.547422710060867,3.5662898234518576,3.5975870208947525,3.5560521221483756,3.621218356579764,3.6307165213322645,3.6587953869064838,3.645879323388951,3.6681932058558417,3.6584378036576957,3.67622075747511,3.6542412174000427,3.7121786569500803,3.7580854904394307,3.73347702486904,3.748368765744611,3.724265046363101,3.7939465069877647,3.7481271155303406,3.796269711470833,3.7876210902154073,3.7694664643220035,3.827429233787181,3.8102432278485456,3.8222440252996845,3.836809402678986,3.8325152315962936,3.8309534756732493,3.859269690177317,3.844520225773092,3.863130505455319,3.851499875602618,3.8374764112359765,3.864281545074923,3.874963386777199,3.893795693105858,3.928975131188604,3.862927360205448,3.914040741331927,3.861055496176383,3.8956039971019307,3.9143431192127114,3.8758374853317488,3.8907440163109612,3.945941936901542,3.9488226481412165,3.9487084307085762,3.9360238856645755,4.0144320799372935,3.9608920302616015,3.947617827887144,4.015277442941262,3.9927239537864256,3.9720456085756415,4.014995554618388,3.992863171369393,4.008703747095466,4.002087191758539,3.974013202281524,4.027427708332979,4.010501769934035,3.9845191041779744,3.9938672456074285,4.039934964656618,4.009854250487971,4.02321475749192,4.041312466408127,4.030984235396261,3.992370659318884,4.049165547842843,4.05932056575018,4.0600956054942605,4.08135751805108,4.052492529736934,4.065201808752396,4.087842207156195,4.0431201186070345,4.096022328180469,4.098151110937957,1
synthetic_0044,4.42420714808439,4.403932367068006,4.406109391233131,4.399637461124757,4.429762446446545,4.409581431062914,4.378377235454397,4.407917503016206,4.414003710424762,4.377632173023875,4.3849147524722225,4.386194402968193,4.380586694969638,4.404488566083997,4.4212104001035675,4.4430728930823475,4.425626066148321,4.421303662274148,4.424320130693372,4.429104696184954,4.386277662779843,4.412993604831468,4.403644628163432,4.392255056161331,4.383960510721687,4.382463891858939,4.388027999221228,4.363290498604619,4.406326557026934,4.391386671102741,4.392506729989619,4.395131917397787,4.399900056663352,4.359531970320758,4.360388783270695,4.305935214799969,4.265733544494448,4.23681403242828,4.273701659984266,4.1229967257920626,4.096987492613659,4.025133965179473,3.881222479650204,3.85687829538397,3.796502594520256,3.7236806724617058,3.725536280221674,3.662579124314251,3.6211832036230165,3.6533891020077247,3.6360577926673554,3.625275102926724,3.6391424709402305,3.7435295087448304,3.6877342270696074,3.716590610972623,3.716650947574632,3.7526643801773756,3.759054202861375,3.7703067771902488,3.7655178646733245,3.775401462344197,3.8067111796053186,3.8468751554567002,3.905374963345086,3.8933638914481126,3.9258495055132228,3.9053102433999936,3.9035920778117106,3.8849208377875417,3.9300731123963843,3.8880727546811373,3.945558233091847,4.0048633770004285,3.9832034598603716,4.013740559299282,3.986265555921884,3.971440649942244,4.003647488430542,4.01523982206656,4.064590262019069,4.092898179667099,4.0338356875670565,4.051985631129213,4.0657234337990875,4.06882777153809,4.0544352434747575,4.095642092288472,4.109959130743496,4.117952548294712,4.085359408250792,4.119708516259736,4.085914536071877,4.158934700821819,4.11712551098202,4.142112379475798,4.143947418589794,4.1466337211115105,4.140635014682033,4.128666455345087,4.2217808549078235,4.190312035453685,4.1958833576938686,4.246910667886596,4.196982828519758,4.218246671123688,4.209766366130446,4.24361462253126,4.231051558854186,4.230826186517238,4.220930108851281,4.238543553355789,4.2647769187075895,4.187790897275444,4.240411920800458,4.237021530126682,4.2436932612431395,4.205441195166948,4.2766711691369625,4.240709628358331,4.259545611318268,4.255911237415221,4.229962398556314,4.263682337816511,4.2318371359871065,1
synthetic_0045,3.96991349432102,4.026798196696182,3.9842413093684153,3.9428152388749242,3.9580523826786105,3.956922842227742,3.9689234896808,3.9582736177685773,3.9519733366681002,4.014584850607982,3.9744561584466007,3.9649256492769096,3.967043587478781,3.9679233438221106,4.008154863630062,3.9852786577826445,4.001373813048104,3.8953018385835088,3.981349510967839,3.9995780505899643,4.022280498589721,3.9734422118974106,3.929414720387599,3.98648612455764,3.955897828482641,3.9247100218521886,3.9519317076944103,3.9905681059165174,3.9892642478246745,3.9697197763288172,3.9140938169080055,3.986219521767782,3.869109582996439,3.860702777964152,3.7772535073910243,3.781587396140009,3.6800971456678946,3.600417256985208,3.4972956859482878,3.423319708766917,3.3706763304517224,3.275191660659763,3.318215782887341,3.299975182735604,3.2610691758308703,3.271522671580698,3.285248262594141,3.3262103524812687,3.3090364087870494,3.3118453733855646,3.31131256656271,3.3000599298627242,3.3364629228207514,3.366841706511876,3.372306194380762,3.3938628725294553,3.4237412045439917,3.4288739171510803,3.4374916528452646,3.4593693153364113,3.4597053134594287,3.466091624916453,3.4901595189657826,3.446515971280155,3.5320673846903707,3.479307159756898,3.54300637761648,3.532709590884581,3.5701601064931143,3.553182185922054,3.5383130229738247,3.59815319386046,3.585118446338327,3.5924412126052374,3.6002766125512515,3.6318512217864436,3.6356380432717543,3.629135425752596,3.5926064409268172,3.6290927617253197,3.649475083684247,3.6991711255861515,3.671203589545765,3.6664188526949624,3.7055842241126435,3.679705516412343,3.688440214952603,3.699565786260987,3.664541056409879,3.7321296534329615,3.7248997979881397,3.7131154694282187,3.6974148125465724,3.736968279415425,3.772156821743612,3.7265283133748888,3.7212972297066185,3.7634995737759502,3.7181256397766766,3.707437176999557,3.756666946965136,3.755234994932089,3.7701614558151744,3.767794832075204,3.7942791882788813,3.784737194019285,3.7794802932364546,3.7871083186686048,3.8183427844722724,3.8304326671994833,3.8328974988370983,3.8314581353909856,3.7352299438220697,3.796200124657887,3.8168704515697995,3.833288570454894,3.791036972631586,3.8702836315968954,3.8454933960980706,3.825487087657018,3.8481410246929793,3.83835933717463,3.830925838448751,3.865404083602401,3.844178408604404,1
synthetic_0046,3.895141600810339,3.8363834426237307,3.9075548042614847,3.8859899752547715,3.840097162485778,3.8668956999700757,3.8931988232398087,3.8588802657426178,3.833840158205369,3.866466337781992,3.913426448175591,3.8264265266335276,3.8775491461925062,3.863929369502731,3.8607333709127554,3.8539216290991933,3.855656972741515,3.8895416912115452,3.878441330581964,3.83846773555212,3.9021793674995564,3.8304800989459316,3.8790106340241493,3.866308293851881,3.8905494531843394,3.8677502073470356,3.8825733116766203,3.851455980245257,3.8701149536532014,3.844896087392185,3.8757281543661657,3.7834811140155034,3.8001421112663167,3.738985285219482,3.674140416468355,3.5825125536157776,3.521796675137516,3.3840233330152087,3.3167162093065405,3.307382166201705,3.202932229941113,3.2448986832120004,3.1828966686035454,3.1877549859887746,3.183293044294249,3.1975079487513898,3.18940434701021,3.198999925419303,3.218315723418099,3.2618091078095572,3.2784274582674056,3.2965910669712235,3.288479658432175,3.2887747929883533,3.266009539759516,3.3380178797766966,3.356603935236168,3.338845894088342,3.3821235737053277,3.406879139881194,3.3894120753219883,3.425557910365609,3.4186158713443557,3.37903997157308,3.421796440594101,3.4342760085466373,3.4684025176406132,3.443953240744298,3.464674131579239,3.4614374377681996,3.4941320113065673,3.506198258663702,3.537941409886688,3.542391594906887,3.535242738736618,3.5456031331941236,3.5505232595268414,3.558640442044269,3.6023099817188897,3.5091072792821536,3.5742976653120246,3.593744561798302,3.621226756126712,3.5724980737789607,3.615227308838693,3.63463479059785,3.6083171135225514,3.5779350675883155,3.6227058010069983,3.6075740838942894,3.6596113949032283,3.627663718121385,3.6989049495720776,3.6632456550502837,3.6447558446374,3.6573266344662887,3.6475600470525498,3.6894006895809675,3.721618122568636,3.6835084369686406,3.71645937918283,3.6741083059858646,3.7095884118112,3.763596631017098,3.6748667895796983,3.7447212510131584,3.7470627782063675,3.674431521951861,3.6891881023277104,3.70416845105666,3.7562253834154715,3.7246322110695185,3.73443082883561,3.759481140005281,3.7478414819736545,3.753556388507702,3.742823950497126,3.7818267445432348,3.737070220820068,3.801117726109354,3.7534451486392117,3.744537284131182,3.783167160538088,3.780732528628837,3.722343851764932,1
synthetic_0047,4.254452204903869,4.284886912325703,4.266503695077661,4.32431339250287,4.273577079777023,4.246592342781434,4.248339729747574,4.253299138049542,4.279111134294089,4.275834935531504,4.300123598304622,4.280051593734201,4.27906469729633,4.283917655897188,4.272545383128636,4.283040988412319,4.29524097834755,4.295145077670523,4.261781805527573,4.230983933603984,4.254627776306965,4.2813454603795496,4.21127031898236,4.260343677811692,4.281544449015264,4.253279498212506,4.234932009456559,4.299900082976445,4.280359820618676,4.223881722627718,4.240806140367708,4.2078610216608965,4.102489574840868,4.139031175851086,3.976210238932799,3.9105511675258615,3.8130601232626575,3.7773554043145716,3.687777082783315,3.6791975777628343,3.6787748670692983,3.6411373426494804,3.622431881818673,3.667569973345837,3.610998449575289,3.6651357100284416,3.6428504798262784,3.6664666994080295,3.6732156709837995,3.6873463780359845,3.6946736630322334,3.688313033042441,3.705421969580522,3.742295592591203,3.7400067815691163,3.7248798599444988,3.7473565411527856,3.7584892295871435,3.7850301606186414,3.801243751356604,3.8092224403965806,3.8005553201891336,3.8270813703291617,3.80195997908687,3.7734171742505858,3.853263768634573,3.8222345843263814,3.848651979417979,3.850731898048568,3.904962797601488,3.8671952537605767,3.912344473233376,3.901071639370122,3.890062509612806,3.8891134087916583,3.947366380193119,3.9526717562522755,3.969406770004558,4.002731730424818,3.9704912549172535,3.9773267229007154,3.9736699239426563,3.985719261892517,3.9805108473149717,3.9729663196822456,4.051089723374854,3.960502915671804,4.019069724095662,4.0293452260046125,4.027472627078871,4.0049947247634865,4.029450390607348,4.027799788863041,4.01745005599245,4.048025296091264,4.043764226022294,4.044817649040419,4.080263021773344,4.041177865877084,4.083034490563707,4.061048900661238,4.091179320884104,4.086342893312897,4.094644765593506,4.0680827583186625,4.077042336499551,4.078784793530579,4.108197405711851,4.126120754847799,4.13794638066236,4.101952068914937,4.119960563245037,4.0807679609089895,4.0690315887515025,4.1059408950220915,4.114042894252108,4.094938006476231,4.092287718229991,4.152883434527179,4.122367308175637,4.103258734207654,4.205826706839845,4.154860693645314,4.145240773965213,4.172616658291157,1
synthetic_0048,4.002734438621649,3.9870581955067856,4.041274644615283,3.9661294024591185,3.9878419232915965,4.011973741676938,4.020037766747627,4.0309743797424185,4.014528895954832,4.060874177429943,3.994111526421304,4.010279097120466,4.027227691791018,3.997986009934798,3.998536335934072,3.994247846219161,3.98974559515156,3.9776331422165976,3.991910029915014,3.9670994125663954,4.0151138538295035,3.965917679137293,4.056947736642201,4.0477453416543,4.032760331180789,3.999721500415209,3.989994024424915,4.034561557857582,4.0077286849051434,4.0158655345752186,3.982015859296332,4.023479610571346,3.9723831191173407,3.987955051688557,3.931643104281579,3.94275017797636,3.948706406473668,3.892644670325893,3.848667439529929,3.8225781731947173,3.7326227654914397,3.6894134731526464,3.537605251974247,3.5591964370071283,3.5152501785972805,3.434037289179049,3.4217259186329603,3.467199229687823,3.417392079200877,3.4319618827543277,3.4700637996455086,3.4565242631473105,3.487680904038209,3.4660052972831896,3.50722897787362,3.5391422540731696,3.5326307641300034,3.48211574134768,3.5649902256071457,3.5620143233588846,3.54955189760205,3.6180536791803295,3.5509631928298515,3.6517555569656768,3.599796825224516,3.664920547821126,3.634550094818018,3.6122047727061037,3.6571038427647236,3.6721673082246458,3.686324438351697,3.707946627837559,3.6676710817884257,3.7105087958821024,3.7246267059936398,3.7073436773132227,3.6984166672839853,3.705341047031747,3.7550267200842855,3.7632947227251403,3.7296156676371917,3.723597299960252,3.794259123285632,3.731080688139804,3.77987626934235,3.7618561515569375,3.7440585806361804,3.796527197383743,3.794243573554812,3.8401972125399033,3.86616756443924,3.8100647746597045,3.845249574410622,3.8505883761877966,3.8162878875879276,3.8123431531674994,3.8784695235514812,3.8336720726422047,3.8463722679143295,3.843908380765892,3.8518682342217,3.844080053493656,3.8815588135038572,3.897903741646502,3.8609969223623035,3.8394741440667692,3.87851152600043,3.843592742267,3.86795086588998,3.9176565716010168,3.947879000968792,3.9024993741133236,3.869574810097952,3.9183401060986163,3.845825063176078,3.8871415161593914,3.9449609214566834,3.928168565100109,3.8777909823158563,3.8731893469960887,3.9382172947344825,3.9180685186884565,3.9067361966752303,3.9339529663782464,3.9115438110901946,1
synthetic_0049,3.6733386785806346,3.7127303714852378,3.6864901003134682,3.7220409294734504,3.699861953380235,3.73339672076977,3.6969015944736134,3.690249877934283,3.657521784633258,3.679184084428406,3.7244299837723185,3.7825158345437924,3.67537729899593,3.6807001670156363,3.7149133332454487,3.7183756827346595,3.689652906224787,3.708437631100123,3.666467634293214,3.699010692977821,3.7287675654453283,3.746922363913746,3.701966966392295,3.6994723914577303,3.7168437277554016,3.7326113619177557,3.7164022573772706,3.6843879470294603,3.7100515742322515,3.7223671888442844,3.6761458904056434,3.6539130644712245,3.6896329951500313,3.670868944208201,3.6634559356896843,3.6095919443088764,3.547038672308593,3.493775601549431,3.4067869089748464,3.326127164651389,3.259422559098376,3.198802266552007,3.185930098233385,3.088466821718001,3.0921520562228726,3.064858881632546,3.1118910771263915,3.083458112667189,3.0742885851966375,3.1134762248828407,3.1064089733772575,3.1055716903387527,3.1688413107728124,3.161884483940081,3.2008020823499943,3.20006919222787,3.2039074580716718,3.2010168618059667,3.183602254995243,3.2407546244949947,3.237187464198581,3.2641500350030306,3.2588340896625185,3.253282509183677,3.2565241207899547,3.3097432507311866,3.335022319371034,3.3060407738793804,3.3345132765634014,3.367372542796184,3.3217711900171256,3.343332600254609,3.3330177006247204,3.398938552845996,3.3847506992679897,3.3751343763671806,3.3536293813143674,3.398246696042737,3.435245590092509,3.410670866687777,3.414834757902995,3.448463105983718,3.408916091133646,3.4476440028167366,3.4678407969589324,3.440099954765777,3.445168841621126,3.478057491834188,3.4754224704766927,3.477869531646437,3.4945575210897597,3.5004778814383237,3.4773783605789252,3.4890724891469946,3.521892045248612,3.5435862609832074,3.5542327795894075,3.5043589296234834,3.5571588903949816,3.553338317819937,3.538165796958875,3.555315366044821,3.5679630918030543,3.5957962839437854,3.529248196128263,3.574194757616953,3.5595921744597674,3.5615973659555777,3.5987480619965964,3.594084157531673,3.5520257918177327,3.573482202636657,3.589371080889155,3.551861245514959,3.611349108493377,3.591072631992407,3.5998657151289475,3.606989963508502,3.6462019583283363,3.605039603208137,3.5979130189892894,3.6523888068842747,3.5993930444461184,3.6012472676180334,3.5822703960407396,1
synthetic_0050,4.455752191169694,4.439672994132821,4.439789547672172,4.4697986058859716,4.462178125608397,4.499483888633127,4.440321830677453,4.447076958683013,4.4338842701724985,4.4932265984280475,4.428642057750315,4.478221528157083,4.494706487310331,4.455668303716823,4.477058738269459,4.406516528278698,4.449549398148411,4.418077281722432,4.463293055886748,4.459201514954084,4.439865630835615,4.482074545354477,4.46726259450193,4.445157690479251,4.444829269298616,4.42025285543487,4.450599614316535,4.505401918746414,4.432129722681912,4.455005885723776,4.4232967973764605,4.444998255596843,4.418504953134036,4.3761568754340034,4.3010184577830595,4.281460386212825,4.256761067564723,4.138243672909123,4.065187424252741,3.9497670253604245,3.8417873964429017,3.836303358964765,3.7869522570758547,3.733655330676486,3.7212307665673636,3.7305473925886794,3.7094073502774023,3.73855243663733,3.7344248989694804,3.692878541610667,3.760599398722536,3.7632088260202656,3.7714611796711877,3.816399175538916,3.80866635081132,3.848224870359808,3.8758587376360456,3.866095322919817,3.837763609471158,3.8711263455109273,3.92466905292083,3.908351580935774,3.9071556442320294,3.9369455563826605,3.963417605684813,3.968926178904385,3.9897626500284873,3.9644520538163928,3.9888232749620904,3.999916320594736,4.015897746421459,3.974712552270712,4.030488460283554,4.012787861308675,4.089679473205279,4.102962321762579,4.115014554047658,4.102257604246111,4.078812578264921,4.122896821567368,4.102411906907241,4.130480043743213,4.100883839367353,4.116308879730638,4.149779394377548,4.189386876723198,4.152098219901678,4.215380829531191,4.2345990217740015,4.141465651119963,4.1789790836598115,4.162483652545679,4.188785575514868,4.185092439116845,4.202571641321264,4.233865636779359,4.238902875324252,4.227657877536324,4.226716595453107,4.234867333503686,4.240246270719574,4.25634174159981,4.247228575083433,4.264351737845814,4.224276959452921,4.2808510250813505,4.308942687332245,4.274691815392644,4.239518760007851,4.312056507237771,4.274633147768978,4.212900960243907,4.285318958428318,4.30952346058776,4.307794374057819,4.332637349174428,4.320896300643264,4.312125574533217,4.263608398363308,4.2882586043754864,4.323507655499199,4.33900980050069,4.299979829244288,4.313296270484131,4.343031306325798,1
synthetic_0051,3.7122508949185202,3.667359958972654,3.724673989640755,3.69123950920526,3.7402786035789144,3.7216049539091407,3.730643457580445,3.7399691655307237,3.7110737069057045,3.744563850837912,3.75485423694586,3.7338956865417514,3.7569677656274014,3.7085348873321218,3.746666745246988,3.730599867782774,3.6994293801177744,3.7217574611242488,3.7103512611251923,3.7094443608852483,3.7247114383425557,3.747997041216523,3.7125578084537723,3.721499080683164,3.679004486120889,3.713279205793496,3.7320516672018127,3.712792967169618,3.688513708076476,3.640443930995824,3.5963618287506596,3.5732701308032753,3.4845752272692097,3.417484457579358,3.3941641298820655,3.2862221215276572,3.2993567073863193,3.1760544553104366,3.1911134353676744,3.132391032012868,3.156512260466015,3.124700838418677,3.155018181582672,3.15727034075343,3.1593998764271563,3.1941157600469676,3.2304934717491434,3.19060819835046,3.2394257410214116,3.2318957812106124,3.2412197298745453,3.308246420727659,3.211966350934294,3.2603766438092943,3.243665774807565,3.2917355003292337,3.304560806928208,3.4150771256812247,3.3395020513088873,3.3853441536637163,3.3827480326945016,3.349152846893854,3.381153090011049,3.419614856456328,3.3913372791474607,3.4007635087463726,3.41637011871357,3.3747778474265364,3.3998279097169353,3.435991009812399,3.4486813668269147,3.4197363381520893,3.4416193103632717,3.453540789914616,3.4596113646211615,3.487144422312232,3.479042789462969,3.4867929271057263,3.4537471620564477,3.468660294189088,3.5085375478545626,3.4667240801897914,3.5184259692712585,3.500742693007552,3.50223474449688,3.5435214034770683,3.515671769643524,3.5160226929427605,3.525279450035687,3.5480539525084716,3.6192463584732364,3.502937849331218,3.5592656622288192,3.557913050022256,3.5915660985465863,3.5627100196581485,3.5144420867640966,3.612380315545626,3.5560827160207418,3.5852052298426518,3.5562084699444623,3.5663632656227686,3.5845156313231326,3.621334935802076,3.624104459011564,3.5913847414086706,3.6216658237263095,3.602851814975558,3.6177060814781363,3.6215152061608635,3.635754383847476,3.6076913859251816,3.62223737103763,3.6334105327504282,3.6326622607045223,3.612979906336428,3.6778424800275498,3.6258699677383177,3.6583151698936804,3.6466964021534514,3.6740490102462062,3.591485851438135,3.698647646516057,3.6443316552141445,3.620908392135181,0
synthetic_0052,4.2128164233441465,4.257481345844588,4.1894338899772885,4.219822983933459,4.216984884572235,4.278124812800838,4.21704171536688,4.256920000718785,4.2074564160197925,4.204326322177381,4.249225850678816,4.239744471210794,4.181350579362783,4.240163772187465,4.240237244891161,4.209018931199221,4.229726719368232,4.230934600417414,4.212164762210554,4.209697668927222,4.207534543230377,4.217422286817041,4.191109693591706,4.222987047901721,4.186815830960034,4.2256219687216525,4.221402590678203,4.19739283019781,4.2436608965480085,4.269632162287674,4.2530030980272056,4.183967511091027,4.24607910767925,4.214671840650157,4.199986313020543,4.174510268525669,4.17120010187208,4.179539298262586,4.120970762490472,4.045293165836149,3.970807509576667,3.8932224176471593,3.822672480803771,3.7688181516844006,3.625551220119833,3.5928107381283096,3.539799924325085,3.50267056732853,3.516544090955415,3.515998210157963,3.470276267266147,3.4879473116660766,3.55478826613864,3.5466418646992386,3.566543074113913,3.5566626583608882,3.575423502588308,3.6120151258220248,3.603991042723406,3.6042565306363685,3.646934333220744,3.684210037850724,3.650762252837232,3.7166606838103178,3.721682925150452,3.6963970130452597,3.731098294957825,3.742684126695703,3.771889797870832,3.7848534659938515,3.74792766973666,3.758339505045946,3.828443617890841,3.8166976381040323,3.834885193976002,3.843203885343821,3.8829668998254925,3.8250222185696416,3.8914610181503955,3.853572829877446,3.900947192673513,3.9249867472052795,3.8662190586824723,3.918817923273143,3.910178691992009,3.917831556379781,3.933845630569213,3.914344806907119,3.9238994648309977,3.971179938655156,3.9828126023720474,3.954684596611947,3.9393734821795,4.039088525539788,4.015298711203644,4.003143297646531,3.9747670584941197,3.9916484076773213,4.017705605826572,3.993504159753594,4.062202597512537,4.031221596243163,4.0426466335731615,4.012499076915465,4.020343431537329,4.027999939489433,4.0588759398068355,4.04997583324233,4.053752747076362,4.072901818279736,4.07481332580007,4.109869845672695,4.072348134454877,4.05604776743185,4.084451285300577,4.124432625739833,4.078249835873462,4.096531958289484,4.0898679246343175,4.111912337279602,4.111442663856088,4.088247008866587,4.105607421903913,4.13733487246487,4.143975501516311,1
synthetic_0053,4.440684650706595,4.388996652019164,4.416406580989561,4.372173985280349,4.408503448067762,4.400473714725506,4.388211316762615,4.43207521846544,4.3997578251723,4.408806725242417,4.411503393141584,4.399745595162204,4.452778582604015,4.405697601131711,4.4226678237791415,4.385740069850022,4.406193614276166,4.409859904346008,4.410247708922685,4.403405232905097,4.4212272494326985,4.455911981331178,4.414259458555926,4.413916519067838,4.407470365096849,4.478897194482809,4.455570560158669,4.428603627710089,4.430637166303348,4.393479326242767,4.403432138239915,4.406671921044562,4.395839505523007,4.359015408233504,4.3419363636244235,4.346433312318169,4.303484082009218,4.1936959846115585,4.1847158243929,4.140793162351456,4.0237387943968255,3.9899638273321867,3.9010792396051035,3.9214989748402247,3.850254368536246,3.834173697285549,3.852857550462129,3.9207047794000625,3.853823266828829,3.846873787921161,3.8999258534687136,3.906041874119767,3.9534475428649625,3.894307120761392,3.898971415566529,3.942863097937537,3.9722368197311564,3.9838420653758817,4.013546589304937,3.9619222972381305,3.989621912909064,4.017634300632103,4.05217104282373,4.053703119558601,4.041869832532605,4.037073726335316,4.093360806327207,4.104376986768067,4.15672564350623,4.09473316247956,4.1475217179008785,4.08647574886688,4.110970657123271,4.115650075946175,4.128616760950301,4.126036011258437,4.141508518646503,4.160612522152521,4.1578520940187085,4.191794726890928,4.180132337854692,4.188526810807616,4.23087812244387,4.208536016704099,4.210485592832111,4.211945093959725,4.219512805211316,4.237438976800145,4.20901521464453,4.261832000253436,4.277266098911936,4.27188029312573,4.236298262958716,4.213920020434036,4.246699389028845,4.265513413531683,4.286258201410119,4.265622679649109,4.2666623008687985,4.315238589723065,4.265371534232156,4.3115633599040075,4.311216180890569,4.259970368549514,4.302751813352246,4.285592341072222,4.279223397770707,4.260263172365286,4.270246859072475,4.321732560321079,4.304948730161812,4.323950113055054,4.2939550851846615,4.314787430602877,4.318566608284512,4.289894298368993,4.289457897650937,4.343330915826288,4.338469092746408,4.314258900659908,4.336813529892664,4.357651743514256,4.388346367145786,4.323771060041519,4.36257780791023,0
synthetic_0054,4.746287182645692,4.710545009337731,4.664828679082822,4.729895127260713,4.736506502736303,4.740404197951543,4.740182722736565,4.710064436886704,4.6924673440606295,4.6994971423130085,4.709940064257367,4.720737376138494,4.698992408354596,4.711971594030892,4.732261687111533,4.718729819238456,4.766966673797614,4.7635888011763035,4.682508375854029,4.696655643543367,4.678351152771105,4.681707536495012,4.723364949052419,4.6851887115333435,4.683154724404547,4.701153134517174,4.725780415020138,4.6949060074043665,4.690997386714992,4.716405695058622,4.696497548869634,4.682641310383105,4.67471070340699,4.597482641883175,4.586444596150218,4.509694817032079,4.478610886062187,4.38730917995563,4.246637712537347,4.238830494906232,4.119965428649653,4.132739574735979,4.079258716380411,4.037050285410174,4.026729618935828,4.051063376900816,4.068249536759972,4.065579052504143,4.113474980054617,4.083156512178918,4.135995324508485,4.154965880499367,4.127589267544356,4.1995665232051085,4.178827168452836,4.165917652595319,4.229176745503785,4.255043472053217,4.298772110709676,4.279881728738092,4.342895948462546,4.356327657437159,4.361608919741701,4.380587601311525,4.369471422789227,4.3595170001146455,4.401132857154187,4.42052569856846,4.413692838555015,4.412498428917209,4.390256375435193,4.455505577684356,4.457142776842339,4.4256921260521995,4.469167929111257,4.493157362014882,4.480995779512285,4.511035639363553,4.518071407028794,4.470556611770226,4.506743255371425,4.533074287119596,4.550438026802138,4.5690834525169945,4.493262314859165,4.544949776596195,4.5700473209063635,4.588195198643655,4.605033405991004,4.545563004330355,4.564459960044663,4.552505794107613,4.603374879416188,4.5550328262569435,4.621275660533293,4.6193736572187225,4.612342689640274,4.550628243927854,4.59126928265533,4.630121592578725,4.5801558839811545,4.612603559774936,4.619209927120695,4.646908767396944,4.634950576612632,4.637680089114955,4.622855774402386,4.636585380788475,4.635765997493683,4.659597790143003,4.639633750836302,4.67194715352375,4.606762106507747,4.68053961194007,4.648807074381776,4.682916746697432,4.659086589678778,4.680030344725102,4.697653441940036,4.6488351350086035,4.666202370116554,4.661672295701792,4.67260199858319,4.628986216184848,4.666234240585475,0
synthetic_0055,4.16420882047952,4.140713596078135,4.176206780851383,4.108080185518916,4.100839507817046,4.136631913455176,4.088456985164382,4.135235480710487,4.112283166588152,4.121382389781714,4.135908416388887,4.1307569752055615,4.175603809852036,4.145209108921329,4.097669614687702,4.1537560831473535,4.096420558184301,4.131567073505523,4.098519008051159,4.108714766991334,4.16137576639284,4.114785733282955,4.11205492398676,4.113192534709649,4.117991812661983,4.159216369505841,4.091264171141802,4.084919107818591,4.122285927596834,4.057264418624467,4.070760425730631,4.0830237775324605,4.019797867699088,3.9592977891289443,3.8899438276323846,3.8067308118227454,3.726257698914484,3.6666067759314576,3.6296932776784967,3.569644646393341,3.4929147922385813,3.4641420829548375,3.486864371634815,3.4217211986768246,3.4593294461763753,3.470345072347382,3.462123369239908,3.478012965012473,3.5252864997724096,3.4905088911646263,3.5236617528990126,3.545112178156828,3.5778714377524947,3.5565103110210914,3.631423207153759,3.61091081649302,3.625687037911152,3.6364190432785892,3.6416645773902703,3.646664591102332,3.711455167460818,3.7000687121783047,3.703959907195744,3.742532240062883,3.711425691501384,3.755216941333567,3.750654972240316,3.738307862188948,3.788854634324815,3.742860940016288,3.80512267189888,3.776361059626323,3.8170976188727477,3.8496644160540585,3.8380081623691265,3.8173295320061094,3.839397608047092,3.8387712526155737,3.826450694430211,3.8353952350210854,3.8708449505274984,3.8899265546420465,3.8399864934430608,3.888209354050692,3.908837741358021,3.9052676374485635,3.8839308162022976,3.939962066025873,3.8902879126082124,3.941718638400302,3.970581878431998,3.8862689859800668,3.94792665214318,3.9543012128446975,3.9570139935836988,3.9373085794380773,3.953114376701964,3.9309207552546073,3.9728675438103798,3.987063407386141,3.961639695245486,3.9592665199195194,3.974300937342088,3.989515627183675,3.994917856548265,3.994474476631184,4.00221903843341,3.9717685048086016,3.9402533806125133,4.025647545845462,4.048551304127958,3.9819398084456092,4.003353311005608,4.0299589553970225,4.04880866104813,4.044071778551101,4.062191020944247,4.032115120963276,4.046129749863078,4.0485310373417995,4.030246949596088,4.0726450622136765,4.060732004889697,4.071646034832067,4.040250464337216,1
synthetic_0056,4.401180148682755,4.4439494795556165,4.414862518315704,4.430143310239347,4.3861683229794135,4.463781811704661,4.4404755597793075,4.42523938236593,4.436047355993555,4.433891771795592,4.460502185184597,4.431096475959686,4.389821404580091,4.419563386426954,4.457203714972552,4.4396854681315485,4.415401812736744,4.440529010346119,4.42830997712862,4.440150707751065,4.386097107897345,4.4024230434752525,4.439875107000008,4.41689315200847,4.429036641538408,4.4654087841538885,4.405406611839022,4.41209673179004,4.382214297444785,4.365033489213372,4.355565794265387,4.2888037552042775,4.2266663757016705,4.249753654333496,4.136209489205252,4.075550732546939,3.961220572161371,3.894267910416641,3.8488346132408884,3.806023224575575,3.730368985714291,3.7742472209652878,3.7168478379603416,3.7493159062463675,3.8160465452046313,3.7684096107062106,3.8222252185304515,3.7893420187339433,3.829803017743335,3.8332584664597174,3.8593783067515086,3.8452566207597236,3.8603673038319406,3.9072656133026866,3.876775153550228,3.909774149818647,3.9610682873195167,3.9449497768881776,3.9524272379033296,3.9607997681471154,4.004761498834953,4.00519970879074,4.030269157519238,4.0341662753221135,4.095718321416711,4.051302368986344,4.025244702410233,4.086605543531924,4.09423376661588,4.108084676819045,4.07488991495734,4.1511628799889895,4.13198183880584,4.140621280136327,4.111718900158518,4.170241450638556,4.165236068559599,4.207647260849288,4.172228182810005,4.1596597481265745,4.200084449356531,4.181667641629534,4.220792384197592,4.190850775305409,4.220430091098889,4.224209779440519,4.234866225318309,4.228968103039199,4.227362382912139,4.251091095188586,4.2437105760140135,4.266640315622672,4.261270832297267,4.218083743503571,4.275850866666683,4.3156288458473835,4.2936247957198175,4.3050519791441815,4.305689277725749,4.287231617705695,4.270128564046104,4.325890149052936,4.3354679473801765,4.32715858799418,4.327131506991108,4.329731684778603,4.3227064351472055,4.33314037278753,4.329818089975673,4.3403562426910804,4.312436701743514,4.322834847055948,4.354488892786485,4.335142046468647,4.287393154003036,4.351301900426011,4.295441443001255,4.399093591888971,4.372536420981615,4.373547882625873,4.343412197265817,4.3342698701929905,4.358313011970194,4.3658154244415295,4.348630914198965,1
synthetic_0057,4.160042678421099,4.212165650282771,4.196253225988827,4.222834759597881,4.251542880822535,4.251520689621919,4.219012042336939,4.238755635981994,4.251599000466969,4.21327225770399,4.218704563935286,4.232622869627381,4.211340868749443,4.200243651995525,4.194243027317812,4.212378491759014,4.197345021521197,4.231319439772389,4.204226294127668,4.24720433971738,4.241094351617286,4.182382768622385,4.2377248358781765,4.202011279199039,4.244035342405457,4.222950230928758,4.208685599673206,4.22442578819766,4.192878196778218,4.210693211903266,4.206900405141537,4.18639772478024,4.18739160184962,4.136833200673629,4.148490558291899,4.070182171133699,4.06472387989196,3.997638641811284,3.9268126840406077,3.811826710123159,3.8318542357144305,3.6976475331565135,3.6615697377001273,3.6084903619225464,3.6419508091677253,3.588863955252269,3.623983064069057,3.5838468901849723,3.623509397856413,3.6195394812515804,3.6641905893394795,3.6496273064408795,3.6508828785864993,3.69707037648599,3.672818654065828,3.6930435262734447,3.7483406033631526,3.699673165351376,3.7757827714762278,3.761535422012869,3.762252019681719,3.8023284360284193,3.8237297099127248,3.80674346388477,3.82793967293267,3.8622661840892922,3.871997362167385,3.86348213892094,3.8566844854828948,3.8624547109617833,3.880391283838788,3.9199414560341195,3.9266129619582144,3.9289652695464254,3.9632608959359787,3.931559666832391,3.9377425672993347,3.9454532444022163,4.007337944228151,3.920928318572078,3.983582911340586,3.9942157108527048,3.9918956566061525,4.052139349605977,4.031015825339181,4.0277445205933216,3.9943380999562423,4.033119042598827,4.018245443128355,4.033555158654712,4.042574876434348,4.031648607226634,4.062950799058729,4.091342216825885,4.082066896999168,4.067342417681221,4.021174574139741,4.096639368756376,4.100626345698968,4.074773345472323,4.072042394987019,4.102636854339593,4.071812850849123,4.113237140537668,4.072596237931768,4.079758046416665,4.1051194111643134,4.073693596172992,4.111124645822596,4.126622934381,4.08611525507727,4.141679441446824,4.109480786328719,4.1382651674790845,4.13300099421905,4.119795613023886,4.1206811448384615,4.095274170825298,4.121326448518302,4.121827472131879,4.180692775025377,4.168136623638478,4.114131595631714,4.167091512389959,4.155444906117781,0
synthetic_0058,4.102156427365168,4.112492548762871,4.085524274629022,4.112947094773715,4.10672953237536,4.09269669997013,4.088920303639086,4.115800021959485,4.129164389877498,4.116401657441444,4.088624327968773,4.126199737381669,4.112647747687184,4.122530597271037,4.135905082621866,4.087516457356321,4.105371700807116,4.094640049081744,4.0881354886365875,4.155442976541914,4.130437080941342,4.067018718841546,4.1181332261123735,4.094866287213817,4.134268406266533,4.108677234000782,4.101565767557966,4.107317274995285,4.110403771540288,4.098220100676009,4.086409843879028,4.079260171048255,4.08083775156808,4.022394357823495,4.019607767644809,3.9759909220821497,3.9125544862381743,3.871553971125255,3.7422405668891425,3.678600680098073,3.602365462840582,3.5782201794313435,3.510596692274309,3.492862036927094,3.4837899687197904,3.4309540165342414,3.4799591160559005,3.4584216145946582,3.4799848105410285,3.4955850397720654,3.530719077063727,3.5434270064193196,3.582106673268176,3.559759380616124,3.5591541678573453,3.5729967224300174,3.6141805952296786,3.650218504657665,3.6343060519563806,3.6260995830800233,3.6588383679402963,3.67093497433168,3.677921178703777,3.6716824497864473,3.641307033150433,3.6992683324081095,3.747303563211981,3.7383062786620305,3.6921126294881703,3.7538390358023364,3.7203662099791877,3.8194485467075188,3.78668182418628,3.763127332285522,3.818588224520417,3.790193426159081,3.829833377603632,3.8252662545388207,3.8050299340755456,3.8557031141538807,3.8163005909150387,3.8860532937859085,3.8631610230405014,3.8445255738628363,3.83283247464549,3.9193181500233942,3.9217220001440096,3.8645709977899285,3.9382692940432804,3.909483618834574,3.906007788080543,3.914581263870866,3.915630584905386,3.9604524564199592,3.935549192003876,3.8938912129401997,3.9905049357368396,3.9668245853189625,3.925289715250381,3.946738487817241,3.9381728851498434,3.964491243416537,3.976608310691073,3.9768542563820706,3.961108884101863,3.9600732591444587,4.002109516173808,3.9834669979371977,4.041742675523671,3.9736440208171686,4.014097178186871,3.999942489586117,3.984082954137489,4.036576973147348,4.0105170862122765,3.9895474878877013,4.005674240970184,4.039510391083914,3.9897140686890618,4.052997326874414,4.039222627127647,4.019076121814104,4.05955530842318,4.070945732645129,4.046249926537102,0
synthetic_0059,4.235022986224988,4.234824537064099,4.230249843949063,4.204831349878824,4.260965421073014,4.241817511139319,4.242170068201149,4.272830926149392,4.226623798871307,4.238523972791981,4.2462735373954885,4.229724163212237,4.237253732910134,4.257816734955876,4.239649796139486,4.271058763208648,4.222236829426711,4.244568734264459,4.2063501150337625,4.237033024604236,4.223296704083373,4.271706107316085,4.2571447597699335,4.251518770406675,4.282740920262055,4.273068920439958,4.25566194096434,4.2219848829782,4.20331373772865,4.235214699657081,4.225418705927689,4.215290091925024,4.218660780594328,4.178947255211661,4.2414131061154965,4.1622766972050504,4.148027594539925,4.141082115394348,4.039360816733023,4.033694560179654,3.9530753535288965,3.8312490340307463,3.730873104339109,3.678543728201634,3.5906840973921237,3.6264592984308006,3.5693634025168075,3.537957233617197,3.5311449354871396,3.5705224737121535,3.601783668894907,3.548724928368824,3.579671957656919,3.56727768547643,3.640903092213584,3.644965726223064,3.7109370306096032,3.6707707271509222,3.6791933620226174,3.6882192421855278,3.7402827152883305,3.696343140485336,3.7669610723665192,3.769016093538136,3.764800233876031,3.7686031669439197,3.8277521401667784,3.859325584311891,3.81682062599619,3.851680909344823,3.8918490711214075,3.8470043157875566,3.866517246248055,3.854061693122395,3.889653888734823,3.9011194128947335,3.9027462347278568,3.9044764824858063,3.8935283867879473,3.907984147772182,3.9252714465364864,3.9719850481817662,3.95276595645439,3.9524799546516745,3.995906262274373,4.00109429114846,3.97700981324694,3.987035585405271,4.024406587808782,4.023982480991825,4.001852345290439,4.033661975071747,4.033293583489284,4.066359450114502,4.024938407136283,4.072128421055151,4.066793141092282,4.037733231159177,4.091924005395637,4.093414752488508,4.045151252599819,4.128440805921266,4.0584332945275,4.0682473710067075,4.086733434553427,4.116944052179283,4.116509332089418,4.1042649909660796,4.142940464756376,4.123693972630384,4.150946953553699,4.188439681467904,4.1291210431549565,4.066212724694926,4.120162560114697,4.108342997272176,4.1393211535199015,4.142387150311013,4.113497288122789,4.118012538007501,4.14202290505887,4.146247656821751,4.090967332537362,4.179344444449845,4.15910586023658,0
synthetic_0060,4.222610937026156,4.223561241221952,4.208740116974228,4.190862048358439,4.1777647896344,4.229488601596208,4.21027381253787,4.187366147728986,4.145052507124413,4.176527671222173,4.15084343593272,4.227815034562715,4.20216028926611,4.179501762267474,4.190855644536266,4.260717118070756,4.22713674725819,4.164816622922973,4.194311223189632,4.167448039838934,4.155321385910336,4.201476065760619,4.255982055613779,4.234846641662848,4.197301594023123,4.186294019351653,4.199277412682633,4.217907792385348,4.154115025532059,4.1399675564649865,4.225568661995327,4.176811145044767,4.195104352079884,4.140569335015341,4.140902999943007,4.047816768316511,4.0197583587973496,3.976905326193914,3.8846652133894084,3.772406200576295,3.743154461206609,3.6514429883032067,3.5922114704495614,3.6130729427521087,3.6191271531656897,3.5991541158268556,3.547388219238216,3.6047974683649517,3.6080613640866175,3.589814380571826,3.5508052245311807,3.6491558654171925,3.6580845317971464,3.6606861606418613,3.6177269274956996,3.635785272487585,3.709670351751475,3.71620673420294,3.7200559347703255,3.7129404942782562,3.739843885017057,3.7274069377164833,3.7436273222822605,3.7401523723282226,3.7781363580361154,3.7711777811140816,3.814813803569155,3.8184411496719695,3.7895323562198957,3.8643318983172987,3.7995181064201553,3.8471671272621,3.8712703798330876,3.884360605313651,3.805526314888131,3.893154413969493,3.906213505828888,3.919100801537628,3.835106285135171,3.8807583254954783,3.9020837064019926,3.900197394561868,3.9513543911157254,3.9074533074211324,3.961335062115923,3.950857546165574,3.906590556394164,3.9240042825571013,3.942792854550102,3.9625317964681823,3.990401453278367,3.9663985150598053,3.9988987292629767,3.941976972185861,3.910096263693943,3.9827537197255607,4.007404183776488,3.9915716376823163,3.979910678536232,4.020151623572182,4.062258615794826,4.0155909211174885,4.004168986929854,4.005230724048449,4.0794711783899436,4.033175569721165,4.053261276295621,4.072143490757939,4.072174036956964,4.025713847977549,4.0761003036006365,4.076652963173147,4.071068005233836,4.087281611806927,4.051139659479521,4.0663711451819555,4.058099135354433,4.093092943309031,4.060658960657639,4.0896045933050535,4.055141532762265,4.082100142814348,4.0787011592726765,4.087427815684658,4.096084061678634,1
synthetic_0061,4.138451214555945,4.147914105134046,4.133349283887337,4.179012825923476,4.131424844360291,4.166640454280304,4.183489794100634,4.195169285493581,4.183736342678617,4.169519252689402,4.12410105094961,4.186295877321992,4.183740646919573,4.17499517852644,4.174118641435455,4.155978569175743,4.141195243046271,4.181033657310242,4.185798614696136,4.128025217478281,4.176666650693572,4.159836079495476,4.175566021679722,4.159896129721986,4.1801435123089625,4.177021403358674,4.172077329706024,4.113284915418747,4.164619454852745,4.1399207135473235,4.102427110297377,4.135809424716553,4.066077277618502,4.096453395898533,4.080319276372347,3.9780156375565348,3.954194319653533,3.8744199489711773,3.8137278146742624,3.708774175204667,3.710442288015103,3.6626636660039518,3.6532022352282083,3.6205765404512467,3.6409904704398244,3.6197893748853787,3.6330459910124002,3.656022743000312,3.6341812886651153,3.6629677322121155,3.653244944811308,3.6701628509449993,3.653942947506421,3.695962506377283,3.716841499976948,3.6940729297413255,3.725203672550227,3.72547541131634,3.6967027243988513,3.741708909764753,3.7743659564710104,3.7384036646345646,3.7148582048606507,3.772151564694784,3.759332342309043,3.8299278217380546,3.789880822166247,3.798373717283822,3.7904394671665855,3.8193766079296925,3.806464615427193,3.8051273396339536,3.832645460081735,3.8209352836451744,3.8798673433826782,3.825169173007156,3.8583350853679588,3.849367960376675,3.838397852723224,3.9190631976827683,3.8323594357882675,3.9253557200560927,3.8605175177291122,3.9028185426252553,3.961457744145583,3.8588871373537077,3.882523579684181,3.9533627554093083,3.9303022737170172,3.917433877486563,3.9347232499493208,3.9164309855573505,3.9475703468226064,3.9855941556336023,3.9438788158958564,3.960877187641904,3.99108146634303,4.014340713342452,3.9551600099282735,3.980807730797823,3.963434609183496,3.965140056147497,3.9747588287015896,3.9726204412677943,3.9491914055260278,3.9462475032467115,3.980442796698824,4.004848552022406,4.03456644729801,3.994951662339452,4.0069116713740325,4.0301983256898515,4.035084081263384,4.017023864205179,4.021346407004696,4.071281350672197,4.019921331340042,4.018760478039694,3.9935285652742465,4.046491779728027,4.031913620666875,4.087555985999405,4.034984215152084,4.065393923272472,4.0706410674472995,1
synthetic_0062,4.61052337357064,4.6054836563382695,4.603412947606001,4.604656161399025,4.555987952340124,4.625557444840506,4.614603698971474,4.589814083640683,4.611508479140895,4.6692699044567,4.622357724021487,4.603569067690237,4.654849137604538,4.5935663103073505,4.609231848256481,4.599428545747147,4.607093539583167,4.6306397730284,4.6267907933363785,4.594511515338875,4.608828336238501,4.613479931297031,4.600522904535784,4.608221677608136,4.58938382600427,4.585776504147185,4.599795842680714,4.565916925105021,4.58978815793101,4.5576743590510995,4.514664759868213,4.485973898648302,4.439120113539909,4.380764158871005,4.30561252908474,4.2040643018088995,4.101509968922028,4.086857396494374,4.014600769024173,3.9509616694788825,3.942520645687218,3.911822173907878,3.8925208448468545,3.9033954138846036,3.973802801928819,3.944271616955753,3.9587221432774715,3.9383455939870604,3.9777151913364035,4.03348713650109,4.004558376133246,4.035699407255799,4.055412338534606,4.055471965758743,4.092751447113881,4.074431022020819,4.094902422451705,4.0812688608931555,4.173838188782598,4.130179039857274,4.138138928535015,4.181467742079804,4.147983004991642,4.17137176283828,4.163948129720413,4.194545300162489,4.1954223194784195,4.228519707150944,4.222574026101786,4.221153381985154,4.238270366839163,4.252009370044628,4.251740441675378,4.295846070762948,4.298201983816954,4.294000192109053,4.270024945504331,4.319438045154713,4.283913447220802,4.3270128058698605,4.331184061612494,4.323085807919601,4.324399410586693,4.334590380873456,4.407786799017273,4.358314915406816,4.366145706514801,4.400568812300442,4.393603807086828,4.414951706479105,4.365544055316775,4.374509089153999,4.486692011073235,4.410606712116454,4.409828004395704,4.425774590261012,4.450749071497318,4.4029221954015725,4.443147019311455,4.440186209565774,4.461557251242267,4.453828581047759,4.4410520204078985,4.43707740348942,4.403237297058587,4.489479035321739,4.434257807916536,4.463646746106893,4.51703866540009,4.470407264852826,4.4986400798030015,4.482154652958347,4.50731220160013,4.494349625947731,4.4844669267207005,4.532240890495709,4.496245393923463,4.4732754748912935,4.500357357575522,4.523939034258324,4.486811870126956,4.53508532978233,4.5370823877793915,4.572131486857755,4.508041958266149,0
synthetic_0063,4.375989778151768,4.364871210128691,4.364009811172937,4.351464401167264,4.355489591649873,4.373533515453896,4.3796151798516165,4.381558061590085,4.390087724941263,4.394715150326889,4.322909007099499,4.353630951947975,4.362270592077948,4.350672339375677,4.39121452910235,4.384004518467356,4.363383161949587,4.36873720748804,4.395959668042854,4.357005437581271,4.357336316712129,4.385907238354549,4.374335617412985,4.395422312182559,4.367651325623802,4.372760823268814,4.335674899320718,4.317020120082834,4.325512398586961,4.241718127949935,4.2855364583465345,4.257567693549631,4.1804841004972575,4.102895371344808,4.051272790204502,3.9376245691741483,3.8926546079121467,3.8606605765090345,3.7776361552234543,3.749425374365939,3.7186069155136976,3.703254599660807,3.7021972707076576,3.7011129552150575,3.73304937707907,3.6785228810206854,3.7222326246571726,3.75672399980096,3.733647893411973,3.7643356342502066,3.7632879373364614,3.8033761979511698,3.8262872691921026,3.852962876899323,3.8425653890206815,3.825477019006878,3.8605328739851803,3.879724380230447,3.911187689139812,3.8372872717644873,3.908270516030342,3.866328959689777,3.9374561659259486,3.9411275696310453,3.9523237952319556,3.9712188854261563,3.9687307249735913,3.95331711712662,3.9861892850864513,4.01529441329924,3.9924729108804127,4.0043447147471465,3.9829515412422136,4.047675842945573,4.015778702089865,4.017786513953395,4.0323543918030085,4.029812596737648,4.0515545464623495,4.0950257488201895,4.0903606884269115,4.11213675702157,4.120159367892625,4.069684809110427,4.108788218025392,4.1392142116367046,4.16421093785787,4.081457337785139,4.0869248238401354,4.137679825752652,4.123941103426446,4.1135402775420475,4.151549988869608,4.128731947158832,4.098356326639242,4.156794810094255,4.165077936777202,4.181930426068481,4.193691890555878,4.180027939386762,4.174356351028619,4.168324235356102,4.1490366063509905,4.181925952379674,4.220127580056274,4.2157295961703,4.252918789618586,4.203997469136236,4.168647945303007,4.234478981970591,4.24293573328175,4.193651995034488,4.186305283835315,4.2316585343620945,4.248136649957308,4.207480796178672,4.229103316741078,4.221601206414588,4.214771370337793,4.214353919563689,4.2518378665544425,4.242274128006502,4.23775493915371,4.194053289497059,4.300511975312978,1
synthetic_0064,3.9437565334822478,3.982002235974989,3.9752618939780318,4.00166194747837,3.953579770764799,3.964244529153485,3.9741080352913016,4.029701388760519,3.9445344291740154,3.9866433387720352,3.9640536540858102,3.9871083581774687,3.995262701571024,3.9830175604568825,3.985906396429229,3.9862884618595644,3.9655752414657126,3.9744018702766244,3.9399668344027656,3.9709668208516797,3.9609866596534764,3.9730917257969054,3.9964989048059323,3.9876708704129165,3.989210646088808,4.003433016865075,3.918855944165241,3.983948485463634,3.9699374723663867,3.963346886972798,3.9271996723119473,3.9605361447912206,3.9586317678328187,3.9323826597184937,3.873099938179897,3.8466287782218687,3.798216998953033,3.755107485111519,3.675134031753674,3.597268768571872,3.5509272146831683,3.517718207906087,3.495330972198575,3.4642507327071472,3.4887154691689446,3.453906828759618,3.4555370530258975,3.4901075931482395,3.476687748232649,3.4943390761374493,3.461022497783247,3.540203234127047,3.5318774951216754,3.5397297500220013,3.56444191276386,3.5688741015844183,3.5574330987228997,3.6320062184547215,3.5832453360977654,3.6268346699507354,3.6566276222894185,3.607302176636029,3.6332600758427547,3.620200505260422,3.6732557619190094,3.648491076612258,3.638299868420185,3.7038187068273354,3.7019730687384604,3.6663587953575036,3.7230752287523092,3.7066171526022864,3.773659325412835,3.7565641638603147,3.7089944480979606,3.722229428017652,3.7139956023703413,3.7442042862476264,3.748106560670436,3.770343089203211,3.7605058829211533,3.7288659831812003,3.749984139198725,3.808325803367902,3.807256285579907,3.7808320005624383,3.786307127920437,3.7902708309904365,3.799451844522161,3.7633760454162553,3.8291688550944496,3.796401132458887,3.819783680114474,3.760042065439624,3.829910211844781,3.860127772111492,3.7786325286320466,3.8719072174146367,3.8505186531761106,3.8252496555870175,3.8083169704223927,3.8772370018660567,3.85895711415765,3.8700482197008528,3.852496161795006,3.8429593222395133,3.8856956606462756,3.844984095115844,3.8920788637613186,3.8333872536262374,3.853837829576974,3.8438435519203162,3.912313469207833,3.8416762242279328,3.8586747805675294,3.9039940217226565,3.8959687689091638,3.9450885803485147,3.9388695213745355,3.911741704121401,3.915535550642748,3.857441576033612,3.8819426705997877,3.897071092723173,3.9025318946279546,0
synthetic_0065,3.8814174587704273,3.8633046786896497,3.8646496329996913,3.87820441763419,3.854558433720336,3.8649392578703345,3.8300731318895602,3.8872508331219087,3.8942168243036615,3.879893959305189,3.882647418822467,3.8799567910068933,3.9200292211418266,3.8760716597150555,3.8395488526516495,3.8460793738928283,3.888132333452834,3.8965556910839405,3.8893766664035603,3.890876557884451,3.8750042740774733,3.834547280224195,3.852620663374235,3.825383080903476,3.8580680890439156,3.8326051890461637,3.86433313399096,3.853038193294716,3.802985344271856,3.8559500471412798,3.8398916956623093,3.763911115571763,3.7659604010396555,3.7322124278178963,3.6464802528281326,3.5993290538120335,3.499927610158937,3.4490049987191576,3.364827804372135,3.3047663517870536,3.2830278700752213,3.2648222288308197,3.2383670008705265,3.2164491598744527,3.2092099968486547,3.2243199294296923,3.2273729496176298,3.255662322135317,3.265470212261735,3.270606319842866,3.2841625349265224,3.300027182192443,3.3452075385097855,3.3480659152285486,3.316661600826732,3.3519188784732923,3.3449062943295185,3.361310605808472,3.368408930331518,3.369653651041966,3.36213346949417,3.3456146253609145,3.419495798186361,3.4527255411408335,3.4118125795622514,3.4549990165985305,3.442499019675683,3.467335134978943,3.4497907954314218,3.472079554554262,3.483252102499686,3.436687500561296,3.5071116291996094,3.5063477560034637,3.457428682586812,3.540331905404102,3.5311267362665726,3.5439804355902957,3.554727505705671,3.542789026652376,3.5335561098285115,3.555302080261764,3.562130929196819,3.6323049307562294,3.629358846267785,3.5790578395127475,3.586720797546359,3.6102535960510918,3.621746932744138,3.5968763838440942,3.5948044855530727,3.6710381229459146,3.6549986747146535,3.596937045078968,3.5967619318381665,3.6243333916993103,3.654401000358083,3.6669802007870964,3.650029079982048,3.623608359001859,3.6724088505233587,3.685955113294019,3.6755186432552205,3.667630224134053,3.697588915629766,3.686196330847782,3.6642233917723743,3.697457417151415,3.6674360262084864,3.725845837685349,3.717368720565746,3.685259862835439,3.7179748422114796,3.746525047057564,3.667284963291999,3.7191620802704923,3.765693751372875,3.6909728532033723,3.7276188997634323,3.6999419823942996,3.7358171975506584,3.681799764112097,3.7034763785378413,3.7325808022169107,3.751664352541599,1
synthetic_0066,4.301926347569526,4.2600149549560635,4.2800980858498745,4.361672071837114,4.3393022861026065,4.304172387624127,4.302000094381697,4.3080893295421125,4.274047502221354,4.331854601039712,4.2747270439280936,4.281910410201439,4.337215097699847,4.23294259042588,4.292776392273049,4.241671581412198,4.26786706897607,4.281608129791031,4.27518073872236,4.288026359984721,4.2648352690999385,4.281005022291239,4.2541873160696095,4.273498818311968,4.248430799860977,4.297897760218842,4.248766504223316,4.295862084303026,4.2658577736039165,4.264343631882047,4.2944117947817455,4.258244367002965,4.194240521482771,4.231561459809645,4.116465512551337,4.150783183483185,4.07578541791064,3.977370979445148,3.927484808237223,3.8301183890798454,3.8172972396371456,3.6961240062273064,3.7078537811127057,3.6618490606462926,3.593761654193315,3.580568973932241,3.6331937119350814,3.6024860743877696,3.6187914751111774,3.6198725037498365,3.608990696024196,3.643297691370546,3.642746942937683,3.64272008154428,3.6874715151111443,3.752924863258706,3.762529429506084,3.7344193063578395,3.752547375651116,3.7748451942206747,3.808515755216647,3.7950383940295502,3.787355601720106,3.8012709007399184,3.8506252466179736,3.8983648679485436,3.82910822813644,3.8043869538694555,3.8859049566256254,3.8740363643354647,3.8893187281692603,3.926300711107176,3.90668501751696,3.8812373729067082,3.8743945787692624,3.9308118855690024,3.9117477652878643,3.9561245120532758,3.9253525646244714,3.956244142688185,3.936164782347655,3.9713149351535297,3.9766216610927825,4.0097593276652965,4.035427881082,4.004263628507879,3.994055897059144,4.070798290501759,4.037487022579272,4.049897523414354,4.055898193854474,4.0829040513060475,4.077590979821549,4.07496306125037,4.082686606837691,4.047532079733994,4.059001541198155,4.076625428093454,4.086591206217145,4.08959243682046,4.101574732689214,4.0991630379689905,4.092354443903942,4.066936074604147,4.13256858643892,4.130568751808231,4.09809038257055,4.136406686269979,4.137734452225018,4.133502607398619,4.089526959008569,4.108932810479968,4.127553193932926,4.186253918480773,4.127923629655165,4.143967527888138,4.128105391729867,4.146651166581437,4.17052111272468,4.113202079978611,4.097055979779775,4.187189598219438,4.174296145004763,4.1610185833804385,4.2029209694260175,0
synthetic_0067,4.4184763184305655,4.4273426755075995,4.458978790649425,4.428478806216355,4.40528508674762,4.418027984618018,4.402062839418092,4.448995385952905,4.392102626396423,4.460167966719537,4.394049301073284,4.436250208917778,4.3984697922145495,4.427170735027232,4.460541290896755,4.462955689973668,4.467380418028569,4.432360879856022,4.436947247614355,4.439583953790905,4.448411308919396,4.421891537853015,4.45756819697807,4.435472435778237,4.451719538748721,4.428663420022899,4.423959396183776,4.374215007788146,4.360558942323982,4.3076259737498,4.289092775248454,4.234022376310751,4.186159896201726,4.048234299780961,4.072997536807575,3.917003658066413,3.88858884668514,3.833990132366758,3.7107108156710003,3.746208253348669,3.779353242324488,3.6795936946989998,3.7626581424190393,3.7275126381029144,3.748126874029008,3.77628146150741,3.7358214039426234,3.799636104452964,3.791091189273584,3.8010629816948422,3.8498257144066144,3.932338255048884,3.865414814407345,3.8826604823978808,3.8793307536633503,3.8740687757870655,3.9099360994345598,3.952524755623584,3.930169851846666,3.958350490156428,3.940836678745897,4.019724526991396,3.9254976289605352,3.9911301466634943,3.9996264752985318,4.0021195095389785,3.9767345722628678,3.98518635489787,4.016558269359792,4.033540943338008,4.009173571945708,4.021107671054759,4.069855520118574,4.089574307154364,4.0574922744356225,4.061651884265496,4.068370320534261,4.155787677005634,4.113195975087507,4.106284719429457,4.139921199374721,4.178852330288151,4.157281654991869,4.098709375671042,4.138549640735274,4.13672182126613,4.1442715442809925,4.12829296374069,4.154706770233474,4.143021941589245,4.184172388182336,4.182220505213144,4.1509950021538335,4.14884392560873,4.184657062211907,4.217947100117776,4.2189034300301556,4.209624421158115,4.133195390909094,4.2081408081652905,4.20646411824429,4.220994875359989,4.203119478812228,4.227045666986862,4.225343569858123,4.314069171573858,4.267620829748357,4.24900594058537,4.256424839307527,4.258355015786105,4.269680641988763,4.258357845356123,4.271545566414521,4.301126102657221,4.299568253406025,4.289735172111876,4.318578875666598,4.2939381793776406,4.266767609811484,4.2505610858437235,4.2798712006357205,4.298613125008003,4.312987203353678,4.3327693169493715,4.2940625429847445,1
synthetic_0068,3.9954561901744716,4.021482993804092,3.9950357376682173,3.9856211825849632,3.9348763608466384,4.0202322337609635,4.003140737116327,3.9901479733710823,3.975335308304607,3.955744684100879,3.984493650943654,3.984313665443316,4.014502453869949,3.9566063486375396,4.023115327102434,3.987849769357648,4.016712996364442,3.9626237980164847,3.995597911773413,4.017453090684944,3.9896628414579687,3.9498267568133083,3.978225786646095,3.9996494246675787,3.950748706554342,3.9489719409807202,3.9900794645138515,3.958840368401655,3.9973766233338313,3.947252544393662,3.925195625267696,3.9433606566263726,3.9875344587219157,3.9095698715700746,3.9032562780105637,3.86975224685802,3.7847504634141402,3.763474591188013,3.651182550944976,3.5558793587463255,3.4087919207212938,3.3291421644130472,3.2385043002555745,3.2538690700030415,3.220741365451554,3.226949105245648,3.2396713788512823,3.197927928010887,3.2049760692117815,3.2341129360064347,3.274583488182844,3.2305440105197403,3.2824803812857484,3.27663517347831,3.2905491155389672,3.3353638363056737,3.3110195380010436,3.319661329410129,3.3783778782502676,3.376087142594641,3.384791698451382,3.4023891277991334,3.4321700046518973,3.424153808134857,3.4659313812798525,3.4701753846856906,3.5096236508863226,3.5166357892270685,3.5185323245469045,3.5038366685196634,3.5234162323856735,3.516886515766616,3.6140625671171445,3.5479029794459223,3.577830343611762,3.6081461617040844,3.550020099166259,3.573187266490885,3.593469565364903,3.5877354671895523,3.589935306398878,3.6175633473510813,3.671436719188237,3.6656286542184477,3.656590614953008,3.664433282052521,3.6299893736242903,3.6965819550814087,3.6972587695644434,3.666793024626469,3.7061207049263123,3.7030411988010563,3.701644495189365,3.6964574956986036,3.7107147808167436,3.710303503361529,3.7515383157812376,3.7551054555447747,3.7598596390201258,3.752922018288585,3.7528351523227266,3.819520813750824,3.727167749605409,3.808808085129808,3.792763616228514,3.79055923657641,3.780895165109671,3.7928261173384077,3.773205339943326,3.7726216392099206,3.808867117703256,3.7744934041925924,3.8410265516687088,3.8519539695242506,3.7420048345802166,3.7930438085736666,3.842424263159578,3.84458445450567,3.8456473330060885,3.8568995462994855,3.8684227718750046,3.8747329666330503,3.9010779093172725,3.860165315019972,3.884178816195471,1
synthetic_0069,3.8450582265289235,3.8002270244504794,3.754178718942494,3.783880066355731,3.7874355394536936,3.7916696046326925,3.8139407739064093,3.8105685916006187,3.720482187971734,3.820887405023881,3.7743145418634065,3.7727504766806903,3.8221452421051874,3.7800518953741387,3.7524559839259806,3.753568087389297,3.788131845418618,3.8093453944464497,3.82413648999042,3.7822669627645094,3.774707997393782,3.8268106386076886,3.7745105325734016,3.821960191922617,3.790691270927529,3.7897104316057324,3.7762790554681023,3.787095320134564,3.7642577131570136,3.753085981428889,3.757891071986551,3.731847365703797,3.7362856539695892,3.7028283183884967,3.655127341142564,3.604743605253326,3.5389247316091574,3.512462053884084,3.393060337686454,3.3153381344366326,3.268189307422489,3.249806562390281,3.19887898727801,3.1823162544611296,3.1710579965734587,3.1797325535921463,3.188265121586671,3.1956481063264217,3.1517896269669743,3.1753921117211017,3.146535046154662,3.242818078094153,3.261248100340881,3.276853880466136,3.2587080054506528,3.2944798414276213,3.27534760682414,3.283593421279359,3.2582695569019706,3.2871907597962053,3.3017310942912537,3.3490522189924206,3.376946515988477,3.3330000583911037,3.3630426353037195,3.3694682057087615,3.3519077650911253,3.336715078846421,3.3692151270184763,3.3602672647276255,3.396248704705242,3.4084088239780326,3.415077043823002,3.422888756419157,3.4465016098068695,3.4183549511451634,3.4708419057743227,3.4138205681778593,3.463879130645625,3.4786465198086374,3.4556620687830892,3.441968596139555,3.5039395496862045,3.4772840148014654,3.519583371599089,3.525099820123072,3.511505620952598,3.5172278299189226,3.5474062634543184,3.537547796306558,3.51014913484503,3.5427902616799734,3.557485038716484,3.553685210326817,3.558216876111651,3.5545798926790817,3.5599657713345105,3.544177768300924,3.5363054550465254,3.604398020254007,3.5647828718398693,3.5903870884599414,3.5515850475879116,3.5969527729572053,3.576356756106578,3.674730221861617,3.5792753080017907,3.584315189187385,3.635454595825038,3.6438578487358573,3.5666261448741126,3.628808031095402,3.647676557560734,3.5986605453539453,3.649323022840417,3.622353870472604,3.613729264179106,3.632854074970562,3.6330585262641955,3.6128818075279616,3.7058994289051888,3.6417455486692383,3.63723203296144,3.679686389264576,3.6592736171465314,1
synthetic_0070,4.52767129142779,4.5183588569240305,4.520939442857294,4.565156261978109,4.5066328812426715,4.509963256511141,4.514995336700922,4.537689220105964,4.533484104093974,4.546736672821674,4.490264278541484,4.529955689403972,4.519142377828515,4.516403181940129,4.527563424239933,4.474639234239376,4.530231152854831,4.527002897598201,4.487933823715517,4.52090877820732,4.5615452481852365,4.513286514876686,4.537269364487347,4.5164563314719235,4.501124100361321,4.497182977024795,4.508244093558215,4.547385016020489,4.530908394453688,4.48636497850481,4.518295331927627,4.475010666172441,4.438501940913556,4.434033029006417,4.356325349338611,4.281704205324743,4.2809185063507735,4.1221677198183135,4.108114146210642,3.996680172025791,3.983544267345154,3.9424005589140094,3.9126540363075346,3.8569996617527114,3.9047165345584265,3.9091416407800708,3.8948185139646356,3.925129608798063,3.962907585281619,3.9331853047976284,3.9704377884064006,3.949032069840648,4.000302757243606,4.019962130934935,4.078554405616746,4.052521161061478,4.053462995405448,4.089893812837464,4.0425937533272,4.10535447303417,4.076898839851795,4.086235662687809,4.139441851898111,4.128793174962915,4.166065135446056,4.10769270451593,4.1599681851183155,4.14984876588175,4.165465060911356,4.134195435150284,4.213151619423484,4.203847357113959,4.182771635127716,4.182068929645008,4.201789157740151,4.265391918344556,4.236067250989844,4.237688729728016,4.2652267523651055,4.260373315480519,4.272606586786223,4.291833920840009,4.288158620018308,4.30791963112965,4.263122385762493,4.299985669773961,4.29554986190717,4.312571570474525,4.314501251949018,4.305263946908806,4.317555434144073,4.354513299367596,4.322666048112367,4.310533087095055,4.360413628146995,4.374297529760961,4.348302974203544,4.362435669380524,4.343010496484451,4.362747635389935,4.3989153029236805,4.395375258510747,4.383184500299212,4.376550586572182,4.346996961402435,4.398215055753438,4.405174333730937,4.423154838745189,4.449974671205507,4.413024784979039,4.430354957445202,4.382603763282425,4.4424174713343465,4.437036702646404,4.451965924459162,4.4378541293543705,4.435072030560646,4.462768911800745,4.412879427946053,4.447345990819201,4.460485204088269,4.4171419817341775,4.410461254418409,4.451446845825857,4.446052314194599,0
synthetic_0071,4.3774522396941755,4.341283122481719,4.343012024423736,4.322471931229085,4.369909029929817,4.397593894139636,4.316622158813993,4.368601005588928,4.372043360794368,4.336388812050104,4.340972796938481,4.324578766226378,4.330973936961581,4.354114923454935,4.365980378782522,4.35293291939219,4.370930067395675,4.355070632277562,4.321579995346861,4.3854167763501675,4.378865799689173,4.332616200008901,4.392996771313669,4.361053264325172,4.3525414014782235,4.395578506263221,4.287243547109145,4.307865555203719,4.362568434685478,4.336583717087562,4.315403079993846,4.368972981595137,4.334680743806789,4.27766297819072,4.272139964601939,4.279602486496338,4.262457893036215,4.118008259136997,4.109509239139878,4.022951535912562,3.9291432327241025,3.9161126241835067,3.8388630122620326,3.8341738467173134,3.8673030457567337,3.8304931923107786,3.834396381148693,3.8325552745845273,3.8327153675451626,3.8562193714255293,3.813962684792254,3.844323787779853,3.885056239203737,3.857849243468824,3.87629560578366,3.9276903837556114,3.9467962106645995,3.905545394142556,3.9111351778081573,3.9557519464637676,3.9583563623178035,3.9453266422874935,3.9860497010418716,3.9945250145888442,3.992270328296097,4.071037811111901,4.041326251885792,4.036649718114,4.05013262947444,4.1055946761623545,4.068092688040015,4.031534555603702,4.064490888453057,4.065833789395048,4.057386368005433,4.084609090199362,4.091239759216614,4.090413323395458,4.086402391632335,4.124856993446666,4.071828970370994,4.136956017835813,4.122939595668618,4.135142450249221,4.075981571641174,4.1805098506293685,4.102480820153587,4.128811273764849,4.170709536584272,4.14508297656189,4.154729952391727,4.114765392863729,4.163249323271156,4.1835491755976575,4.199292062133501,4.1798986972633525,4.196391904603774,4.20576383128021,4.182473470048725,4.184415404093693,4.25446462841824,4.189305184736164,4.243819312319426,4.21883964617742,4.256506691857532,4.208104403462496,4.239598727229314,4.238149644207318,4.227521996110017,4.243639560501069,4.220110618477423,4.239765278036062,4.23469523324314,4.2657835864886735,4.2475224435412064,4.218180242860333,4.24565618790452,4.254770687218846,4.237405376849697,4.294419144753612,4.273967802059509,4.286882579714441,4.249637455378581,4.2606633371534395,4.297157335493601,0
synthetic_0072,3.8636126581266423,3.83501843610923,3.866902204201355,3.831560262116858,3.830091402815139,3.895698555961708,3.8441895691140235,3.809535122105237,3.8852991856001378,3.842444546232753,3.7749555497511578,3.8599824977022426,3.8841567628504343,3.870025858972883,3.9036075892720934,3.8583006513598637,3.8760643587122723,3.8365990182268623,3.8653191608487663,3.898860465007699,3.873549604660579,3.8650294245164893,3.8122617994067274,3.8512461011045493,3.8283445875156397,3.87834673359314,3.839910278002729,3.8651430196428613,3.828844154266605,3.895568994109668,3.813840977715616,3.8361780374498986,3.8826212749487956,3.8013359735180785,3.7428867289397476,3.7350711240134795,3.6848332222149045,3.6066215816416887,3.448383509828409,3.4110177714399796,3.2808669016876295,3.3165870852888806,3.222297374506849,3.17517981413982,3.1829696022647,3.1694254280298297,3.1274825142518843,3.2017684536956446,3.1646533218256105,3.1386705730387505,3.2294392071417914,3.2465048034583077,3.2538597256141144,3.250810532724583,3.2296208643538886,3.2889988850157263,3.325791318882075,3.313783139823678,3.346712643708701,3.3012393515846927,3.3585093985557632,3.3691142269335965,3.3214709825702298,3.330149887521811,3.3643289320099212,3.3956310326518224,3.4160396122404295,3.4102039482196416,3.4248583995963515,3.4341082969219494,3.4492589804890574,3.4714808275236995,3.4789996255674405,3.4748313053550444,3.49184447173264,3.483271404502203,3.522982136692015,3.4993426298696955,3.5608930289750074,3.527817620681796,3.5431940195520983,3.525349417540065,3.5432524860264065,3.5633146881079014,3.5669502439186496,3.558143166686625,3.551663082319859,3.5881950790022854,3.5975951057211404,3.613820540135082,3.6373980054400046,3.604831735931873,3.5690530008779557,3.6208304522845904,3.5842580722597708,3.6037003992212444,3.6666107188659263,3.6603958724830776,3.635490165292716,3.640754167450436,3.65923539929872,3.6226509272915344,3.6828629417108405,3.6668365707529773,3.7256896407222753,3.657996734525427,3.713513205693274,3.67579393467222,3.722142460771545,3.6763993492868505,3.722844796125322,3.6974190513862992,3.691525599279762,3.7118886255534917,3.7309725808509833,3.7326064127212746,3.7651508152063418,3.749576767312783,3.666732314840051,3.725450460358748,3.688866503145063,3.731843972619306,3.7598064271811014,3.71381795431795,3.720460514454391,1
synthetic_0073,4.264626063053562,4.294941605899565,4.238894458999397,4.251342153829139,4.226665048928071,4.257811260144169,4.277164672771454,4.285480350841525,4.250487493312262,4.233679945966188,4.232308537216578,4.216647224095016,4.254423167502194,4.285270375413931,4.192295299020772,4.197133371504542,4.286289305711919,4.211166158990098,4.25948799782327,4.219730581036347,4.270466174929496,4.270211312764883,4.254492537979072,4.270223455910176,4.24989298900715,4.261162141532408,4.290228743880257,4.2684628064721,4.219026394890829,4.206866098650553,4.20803665709175,4.188955234560058,4.168040481503512,4.110386628987349,4.0852236764154295,3.9951881163970215,3.9105992075611766,3.795331162331123,3.7093129747064215,3.5796340893370444,3.5772612335796867,3.4920448712958514,3.4579972395329213,3.4409274200519016,3.443745020491075,3.435057159232099,3.428676760586872,3.4283839748229896,3.4046154850628674,3.465410973665933,3.467541103963479,3.4832669061639647,3.567102792031239,3.476500838832688,3.5401422489544556,3.584622310083703,3.5936752104195655,3.615696220197339,3.567794806330402,3.589915433139678,3.6435509818689673,3.6345320244053707,3.6982532650981623,3.674441143764617,3.686595150121757,3.705391191293335,3.6999800046171054,3.7218719881564617,3.713885080120531,3.7414111514911377,3.7415930173064,3.7711570246689603,3.7401804478191556,3.7488946237951897,3.8080272093743424,3.8123323756347167,3.7924821468359307,3.8205881694267467,3.809508845970391,3.895977604429102,3.8149691551529683,3.9057025417565145,3.850961853344872,3.8905238717192963,3.881709232448699,3.88684467769763,3.9276668565839636,3.93239462495133,3.9123351295477837,3.904239679997893,3.9859998443102955,3.9763536962928065,3.951702550426944,3.9475055035691913,3.9688648690915507,3.970053394611829,4.004218485305594,3.9563622831040712,3.987054023313663,3.972839357429606,4.030876815602525,4.04892901479993,4.007090726615567,4.028263457049596,4.055204391127962,4.017727319700607,4.006921333705086,4.06119474474112,4.052677858802777,4.039550907439429,4.085864541972894,4.059763398836275,4.01376340582504,4.071238746186761,4.065313149516788,4.11793154355167,4.0745348714011165,4.073732636963145,4.093664333473624,4.092636424095019,4.05499643730307,4.0967889078177375,4.089128183594841,4.135878085360083,4.164133376293218,1
synthetic_0074,3.9285994644711506,3.9472104597524087,3.973088612316234,3.9133397958712446,3.9074027663453546,3.8998080053918374,3.973498459838839,3.9790451803564966,3.9075085625455186,3.9050933360262667,3.9491304665961486,3.973192651495935,3.9712378139613183,3.950698000035325,3.96289555460832,3.9540006307723132,3.931920746384871,3.9934340885865605,3.9455892190690776,3.9176611786770588,3.9335295620294963,3.906309166027643,3.94471362272298,3.9708341939688423,3.910436490496957,3.968179222928053,3.98915258650943,3.9413995377993767,3.895573811778453,3.8920200239825355,3.8883490873475006,3.840342406835768,3.8065420438991,3.7839416480808925,3.7243639258240107,3.669210238617861,3.540225736943412,3.5456858495774766,3.46422949669425,3.4098592691542104,3.3348466268431363,3.3714470585248986,3.307344739050069,3.3578681757946587,3.3418964301412846,3.299478003446371,3.320073169521515,3.3894578053767037,3.379936592539521,3.3637677612369044,3.3857650541280866,3.3986750226187654,3.387336644328932,3.414461572364481,3.415544829465934,3.433674779571642,3.4681607119246105,3.4443468647397273,3.4980307418032806,3.4938831070237213,3.5212350214581085,3.5351588898179958,3.5545938611341423,3.5493639714915552,3.56133500741314,3.5488775005248403,3.5771507756200793,3.5496375797519732,3.5750830184487885,3.6088447990457735,3.597414541304403,3.6183022956165387,3.5888931337609775,3.6576206457424156,3.6167374893726056,3.6487244093963236,3.645691734930929,3.676891678277564,3.6510355815902265,3.6424828791969803,3.6267409540802067,3.673192396926618,3.6573811326993226,3.7069636798966292,3.735806074341411,3.649897699366111,3.6791663898920657,3.724909384893598,3.753649084898404,3.7357837239474394,3.7415275332801463,3.7512377261148835,3.7580036660263767,3.7896986353652933,3.76863415435556,3.7268344964641393,3.7506555156954082,3.7722134333008617,3.7509363071318056,3.7689783730643134,3.7664663025760574,3.766098995031519,3.8050307210049605,3.7816865024588506,3.767783275975532,3.7808962716176717,3.803362703340094,3.858930302631919,3.815786029958948,3.849877784359263,3.828260073302638,3.7650090325039884,3.8315835836308625,3.8036633538999727,3.7939732460957356,3.803778996853519,3.8785911332665326,3.796686225021152,3.8234367486447556,3.8707311644214863,3.8608510385597845,3.8035850011462045,3.846211060714039,3.838371724189832,3.8487272568529125,1
synthetic_0075,4.368398990546987,4.405399986004713,4.426591536527429,4.383404041535131,4.398892239181385,4.381680357258671,4.418672915605475,4.399065057207986,4.434560347994715,4.440452924523072,4.415907854160314,4.4051755546025255,4.421285773457901,4.416169517990623,4.384055197732485,4.441669213611244,4.420340273422442,4.434472857802045,4.380242435917574,4.436518979028501,4.467343683384899,4.4295508573714955,4.377126827294769,4.414010605663901,4.41070634006407,4.4163232014241185,4.402841844417179,4.41801092396817,4.388895919692823,4.398955498343449,4.3646059158921915,4.367841794700239,4.366285908315678,4.294717300389698,4.277700531067352,4.1792941486510164,4.1215388809633655,4.047241188435618,4.022551195839263,3.9164357390225577,3.9221245868019388,3.8227451476121765,3.835868876941355,3.852778177020257,3.8445330221930845,3.8039537335525218,3.804518852281877,3.8657780233055594,3.821476051617241,3.878482680962735,3.8616970252254634,3.885777303521218,3.955765466402965,3.9476567634171422,3.940798621600727,3.8957230705840717,3.949292627224962,3.953068456852182,3.9594857948478586,4.0058728046942464,3.9385514144940985,3.9996576445609864,4.00425415208394,3.9913203991001245,4.062952202060327,3.9961158324107866,4.037475405907456,4.047230107216443,3.9980504414241693,4.02536081972091,4.04488967076439,4.097028913814309,4.108555230460186,4.1070440043199286,4.1052894810834815,4.0506520195724915,4.118601707772228,4.106876645449553,4.1560722386734055,4.1669297917896735,4.195771309114706,4.1632591904649905,4.171958965743982,4.1311104268950976,4.164955597338078,4.137298910557004,4.196754104523224,4.14919382569244,4.1792402386272975,4.1690205688512805,4.182933914248582,4.211284217564145,4.190218987903383,4.21476101255271,4.188355963172721,4.253619180009323,4.206300500640422,4.252548386619074,4.285253958840562,4.173427858977374,4.21403936243874,4.237865385834136,4.2765724746229,4.238361142024627,4.263914395011073,4.239360391419548,4.27563588825613,4.2339892604498095,4.289339413412657,4.195461673329709,4.226573875381596,4.323870094918092,4.285107581736769,4.260964275642992,4.342600217270334,4.316169747445747,4.3209442056809815,4.284245179678222,4.313445063983514,4.313138670177125,4.260623403604541,4.320370721327749,4.303009039540575,4.3428218396357625,4.34565434403026,0
synthetic_0076,4.045564484349102,4.0531213085871896,4.071597762048081,4.066807499927617,4.085667365497812,4.062102117748108,4.033395082862627,4.011014984638154,4.076700193258273,4.047485424061325,4.047110653330298,4.04858533380043,4.015825712909254,4.045978216489176,3.9894696143564925,4.045634386477059,4.033001333011492,4.102802873895292,4.06718291021018,4.050172306237015,4.059610017115719,4.073837172657278,4.035406244980092,4.048229522925351,4.044038684477701,4.115187856909634,4.051098745833134,3.9952812737464773,4.060546560124194,4.098065041790988,3.9947777836015277,4.0899133608877865,3.972257877372347,3.961729730253702,3.8706899169182027,3.8134385266454864,3.7120534238908887,3.634748598761972,3.5427883404022174,3.5704988229411523,3.4670007063003534,3.4748589499889557,3.4550634126627418,3.4212067107777866,3.437921820223363,3.438340223605055,3.4356564571419863,3.4595635211863915,3.4708877518400287,3.455450627092511,3.460872993360656,3.4850623224293993,3.5226925634539095,3.5677385890477584,3.582380742187892,3.56479844186312,3.5930368748189676,3.5834983596793992,3.6202137238048047,3.60621209273793,3.6239427715419454,3.6171295122403353,3.6347013007916176,3.6939347251517263,3.6239861770563535,3.664631161152544,3.6587341038638854,3.7079583464477257,3.739014442233675,3.692889075145396,3.637920103058492,3.733719785037076,3.7418854428270802,3.6904214841192875,3.7354352100569446,3.7475206568067896,3.696875900042044,3.781289634346465,3.7822482333226213,3.7839240581877363,3.7570119229107526,3.7725588706024986,3.7809669330824502,3.8159654766314657,3.7841882304135663,3.85346369999759,3.831146467172073,3.7705900662681686,3.876120600163408,3.8419839891766903,3.8288685801843374,3.8508911066978007,3.8059067433996963,3.8630317329944677,3.7991110623108644,3.8409702948228204,3.907166833012025,3.9091877969078728,3.8718986871229943,3.859877091181629,3.9132802767589734,3.8917740151397116,3.9024885288900326,3.9170729833124778,3.8765763345132105,3.928765285040453,3.8567543032225493,3.95317256027201,3.877729248487456,3.9055028565033316,3.907649694102339,3.947109904945921,3.9506344212261455,3.9435596867069105,3.951244598578727,3.952163081618157,3.94085363012602,3.8957231088643,3.888082622589065,3.8907750379453825,3.9519337118655615,3.949704772423542,3.9544010576758013,3.966218382962857,3.9565153967297024,0
synthetic_0077,3.974322760874781,3.9153629972934905,3.9435016205988833,3.962133343363917,3.992209917836269,3.9349127837171385,3.9551679920240357,3.9807896090949377,3.9052630700190853,3.93144388707267,3.949538633370312,3.9317365833695,4.005685085370495,3.9731594297090895,3.9556029763898906,3.925352167612603,3.9729883854510786,3.966775015025021,3.936645611675986,3.9385091859222188,3.9112996162727334,3.9469097746641175,3.9706832552228932,3.972890446001187,3.959884440986886,3.9631733999584435,3.921547450122407,3.917489642736508,3.9504587340494095,3.9148577882344915,3.859222218338565,3.8605077173521245,3.8251910431976515,3.765967989525105,3.683825570972481,3.595751985830106,3.5613260689984587,3.5431621401428837,3.4613059618902966,3.4104075677341483,3.4180012320181534,3.3672350623967175,3.4023105100902904,3.39020490492068,3.4278777261343274,3.412576514652701,3.4455670304611217,3.487266173778723,3.4311734269918013,3.424859501047834,3.4684323423404315,3.463972977119674,3.4796806577555053,3.4698840545960716,3.5095026529373654,3.506113226142987,3.4571522794949834,3.51619707269229,3.539804345497923,3.570380709029243,3.5330912015020637,3.535486252843673,3.5943533797823246,3.5564921339803477,3.5828390744732266,3.59999653616999,3.6143263203109757,3.6026366815145465,3.5806347652551467,3.642833707269666,3.6121043071250267,3.6165527342102353,3.6888259848017397,3.665939292862573,3.6218466011069395,3.643052341510122,3.655227401791861,3.6480615656226814,3.62351462512263,3.6998506818876247,3.7047323669055654,3.696356706614536,3.6849286651085165,3.7060920903018664,3.7222805517641238,3.6836572225743343,3.7070079964880476,3.7059285645261344,3.7432302221553146,3.7365573224479953,3.7005922693945617,3.7227121487996726,3.788883669806361,3.72212061990355,3.7553682331265783,3.739200617998491,3.7918598897729203,3.7617627444944004,3.755925742826867,3.740528998235584,3.7683156755486786,3.7997417901795414,3.7992227312635216,3.7509436894052626,3.829037025300281,3.7855384335369795,3.767866118529822,3.801643114462036,3.785333268759644,3.7894963254752203,3.7910971573638137,3.8080446429027117,3.800288571747718,3.7717638390503745,3.8323062869447733,3.807972135157081,3.855061318748896,3.8405399392339277,3.8451656527624007,3.836387450010502,3.8676345641945438,3.828008750038737,3.8131139838127077,3.850008040944313,3.772956686703073,1
synthetic_0078,4.125881325914364,4.110678315202494,4.097398909465792,4.136049073168606,4.090193937805504,4.0969862102298995,4.127029044884811,4.123113220431175,4.160296832987448,4.102118119720104,4.059117705925393,4.124738059803148,4.140172129178631,4.103422569803723,4.147930525303418,4.153643555623966,4.09043723308621,4.095185910960793,4.075219152979036,4.121510920033432,4.125950606938608,4.122864008950903,4.075160581488741,4.086948170543397,4.069159321636839,4.063658772275671,4.069223806729344,4.06118713198956,4.094255962871,4.105243064067748,4.103378898779998,4.076052484785258,4.043311236893677,4.036966244816378,4.0184155723594035,3.9497707033123675,3.8978328544954115,3.813352967506421,3.7218736570484623,3.6557121416608465,3.557529696912989,3.5555164161689916,3.4443159775143717,3.4668673756213204,3.402596705513077,3.468930029623817,3.4517145875846063,3.412562580559648,3.429252789015731,3.4212084982468074,3.459470717459725,3.4830175022480487,3.5500822013540274,3.4611224449581974,3.540288559988951,3.505321276057933,3.5392439180582365,3.566439685500609,3.569277601220067,3.5774429005543564,3.572553753845304,3.5882531496375294,3.603031017010398,3.640363335135443,3.5819609162744523,3.617080441383259,3.6074582498876864,3.624331858819714,3.638001128188029,3.695977418491016,3.7319073805929164,3.7204422205224015,3.6637778337572873,3.7046548092454636,3.6818346094760055,3.7306113292161376,3.759809495992805,3.750035813152466,3.7649570488683146,3.746269620668369,3.7067676865866583,3.713622860570926,3.7690704123152976,3.7932626800943265,3.8178951467059177,3.782903369126403,3.800245025376964,3.8112406436033797,3.8381976405963463,3.8151694445430113,3.794797306099701,3.8565686007479845,3.845043880818923,3.8499035486550883,3.8128958479836217,3.850747396142337,3.8120447688798516,3.809809060567173,3.860312696153978,3.8601703472321853,3.890774216820135,3.917962021307944,3.884701218777055,3.936055344393454,3.8794957474490697,3.9185515947583194,3.8706934242792466,3.910677410241475,3.9034130921734254,3.9101876344865945,3.934608820934269,3.8749399826038817,3.930096209565414,3.909971679088382,3.9374544089044496,3.9480851705686937,3.9319480091324754,3.9353206602709703,3.9186283992847133,3.965573776684369,3.9374187702704524,3.969212366195234,3.924299963130948,3.998994262143912,3.9406306445894423,1
synthetic_0079,4.514158970736078,4.496852179358473,4.529308375319573,4.513966553727725,4.514212936031647,4.539558890912759,4.478844766878198,4.530114521835081,4.498566867958686,4.458801895011143,4.508991550480436,4.4914934057419975,4.539998672273509,4.48410719777572,4.497960600062734,4.502686698101705,4.447777666897971,4.509618828658396,4.471015593302349,4.532476882725922,4.538903470206417,4.495672576007748,4.454777902698862,4.4993693749420665,4.498127926589815,4.510388352368679,4.481712732526677,4.4547913679226046,4.475561381392732,4.4461948060832635,4.50140654412995,4.417113815299172,4.388351136258737,4.361190624391585,4.272618998676297,4.218437841908374,4.136975441332256,4.029217540657578,3.9557601698292766,3.923775900523845,3.846571572291128,3.760733631305815,3.7587420281254227,3.776144175894461,3.737072303532153,3.759296829690607,3.7644633780395793,3.789705313395526,3.7843715478460367,3.79923219446092,3.7953137607103384,3.841274760048428,3.823052155129547,3.905938642180598,3.8755045654158473,3.8845557186814927,3.9244948697463595,3.9158474236439202,3.933722494023192,3.9432518718118117,3.9388583561343036,3.946377942799001,3.964345213658013,4.023241908972772,3.9898745844250008,4.006991475349865,4.0170496122531265,4.057337411390091,4.100862558657675,4.036848714696957,4.0847425135673,4.083680127573649,4.082561285546204,4.112729274086783,4.076500484381224,4.139393873981844,4.132551179924489,4.109985799569757,4.184742698159144,4.173942533777456,4.189946321217932,4.13079276063654,4.168745460421747,4.169797072618795,4.206513267501408,4.232289968659333,4.155827482019675,4.211917811615091,4.214824883304629,4.250110219366807,4.2298471157113875,4.204540547346441,4.2381598700895236,4.222538104458745,4.234922170988738,4.26153233734703,4.253662370639701,4.278476113896432,4.237784055564751,4.341069999509574,4.318980580722432,4.309974171650668,4.263338325433569,4.2458968249943325,4.283560951492991,4.304148225421165,4.371483767985912,4.35208395899684,4.309404922099857,4.357773683346586,4.362132154438349,4.335111335699779,4.369594919871384,4.350613144064336,4.329034650584077,4.319262610138249,4.349590653148718,4.381594333775213,4.324722277715945,4.321384713735527,4.379750497306453,4.29929436736803,4.4183204524445765,4.363398828706368,4.39621710452509,1
